Extraction_Datetime,KH_Early,KH_Election_Day,KH_Mailed_Absentee,KH_Provisional,KH_Post_Election,KH_Total,DT_Early,DT_Election_Day,DT_Mailed_Absentee,DT_Provisional,DT_Post_Election,DT_Total,Total_Early,Total_Election_Day,Total_Mailed_Absentee,Total_Provisional,Total_Post_Election,Total_Total
2024-11-05 14:37:52.214460,0,0,0,0,0,0,0,0,0,0,0,0,0,0,0,0,0,0
2024-11-05 14:38:57.033245,0,0,0,0,0,0,0,0,0,0,0,0,0,0,0,0,0,0
2024-11-05 14:39:29.593386,0,0,0,0,0,0,0,0,0,0,0,0,0,0,0,0,0,0
2024-11-05 14:40:35.298707,0,0,0,0,0,0,0,0,0,0,0,0,0,0,0,0,0,0
2024-11-05 14:41:31.405624,0,0,0,0,0,0,0,0,0,0,0,0,0,0,0,0,0,0
2024-11-05 14:41:51.167900,0,0,0,0,0,0,0,0,0,0,0,0,0,0,0,0,0,0
2024-11-05 14:42:07.724214,0,0,0,0,0,0,0,0,0,0,0,0,0,0,0,0,0,0
2024-11-05 14:42:59.636505,0,0,0,0,0,0,0,0,0,0,0,0,0,0,0,0,0,0
2024-11-05 14:43:45.253446,0,0,0,0,0,0,0,0,0,0,0,0,0,0,0,0,0,0
2024-11-05 14:44:02.791312,0,0,0,0,0,0,0,0,0,0,0,0,0,0,0,0,0,0
2024-11-05 14:45:18.555638,0,0,0,0,0,0,0,0,0,0,0,0,0,0,0,0,0,0
2024-11-05 14:46:13.525048,0,0,0,0,0,0,0,0,0,0,0,0,0,0,0,0,0,0
2024-11-05 14:46:48.538599,0,0,0,0,0,0,0,0,0,0,0,0,0,0,0,0,0,0
2024-11-05 14:47:53.639971,0,0,0,0,0,0,0,0,0,0,0,0,0,0,0,0,0,0
2024-11-05 14:48:31.921798,0,0,0,0,0,0,0,0,0,0,0,0,0,0,0,0,0,0
2024-11-05 14:49:16.546546,0,0,0,0,0,0,0,0,0,0,0,0,0,0,0,0,0,0
2024-11-05 14:49:54.025612,0,0,0,0,0,0,0,0,0,0,0,0,0,0,0,0,0,0
2024-11-05 14:51:02.664126,0,0,0,0,0,0,0,0,0,0,0,0,0,0,0,0,0,0
2024-11-05 14:51:53.160719,0,0,0,0,0,0,0,0,0,0,0,0,0,0,0,0,0,0
2024-11-05 14:52:53.961172,0,0,0,0,0,0,0,0,0,0,0,0,0,0,0,0,0,0
2024-11-05 14:53:55.032791,0,0,0,0,0,0,0,0,0,0,0,0,0,0,0,0,0,0
2024-11-05 14:55:00.711770,0,0,0,0,0,0,0,0,0,0,0,0,0,0,0,0,0,0
2024-11-05 14:55:45.367562,0,0,0,0,0,0,0,0,0,0,0,0,0,0,0,0,0,0
2024-11-05 14:56:10.496994,0,0,0,0,0,0,0,0,0,0,0,0,0,0,0,0,0,0
2024-11-05 14:56:54.621106,0,0,0,0,0,0,0,0,0,0,0,0,0,0,0,0,0,0
2024-11-05 14:57:29.706530,0,0,0,0,0,0,0,0,0,0,0,0,0,0,0,0,0,0
2024-11-05 14:58:02.949609,0,0,0,0,0,0,0,0,0,0,0,0,0,0,0,0,0,0
2024-11-05 14:58:50.231651,0,0,0,0,0,0,0,0,0,0,0,0,0,0,0,0,0,0
2024-11-05 15:00:01.861866,0,0,0,0,0,0,0,0,0,0,0,0,0,0,0,0,0,0
2024-11-05 15:00:37.568961,0,0,0,0,0,0,0,0,0,0,0,0,0,0,0,0,0,0
2024-11-05 15:01:01.205163,0,0,0,0,0,0,0,0,0,0,0,0,0,0,0,0,0,0
2024-11-05 15:01:27.722929,0,0,0,0,0,0,0,0,0,0,0,0,0,0,0,0,0,0
2024-11-05 15:02:14.146458,0,0,0,0,0,0,0,0,0,0,0,0,0,0,0,0,0,0
2024-11-05 15:03:05.708571,0,0,0,0,0,0,0,0,0,0,0,0,0,0,0,0,0,0
2024-11-05 15:03:46.928114,0,0,0,0,0,0,0,0,0,0,0,0,0,0,0,0,0,0
2024-11-05 15:04:51.354250,0,0,0,0,0,0,0,0,0,0,0,0,0,0,0,0,0,0
2024-11-05 15:05:31.332117,0,0,0,0,0,0,0,0,0,0,0,0,0,0,0,0,0,0
2024-11-05 15:06:13.295586,0,0,0,0,0,0,0,0,0,0,0,0,0,0,0,0,0,0
2024-11-05 15:07:14.630698,0,0,0,0,0,0,0,0,0,0,0,0,0,0,0,0,0,0
2024-11-05 15:07:50.296088,0,0,0,0,0,0,0,0,0,0,0,0,0,0,0,0,0,0
2024-11-05 15:08:29.860356,0,0,0,0,0,0,0,0,0,0,0,0,0,0,0,0,0,0
2024-11-05 15:09:06.530353,0,0,0,0,0,0,0,0,0,0,0,0,0,0,0,0,0,0
2024-11-05 15:09:36.626603,0,0,0,0,0,0,0,0,0,0,0,0,0,0,0,0,0,0
2024-11-05 15:10:02.572827,0,0,0,0,0,0,0,0,0,0,0,0,0,0,0,0,0,0
2024-11-05 15:10:52.801461,0,0,0,0,0,0,0,0,0,0,0,0,0,0,0,0,0,0
2024-11-05 15:11:56.442883,0,0,0,0,0,0,0,0,0,0,0,0,0,0,0,0,0,0
2024-11-05 15:12:32.166419,0,0,0,0,0,0,0,0,0,0,0,0,0,0,0,0,0,0
2024-11-05 15:13:27.990065,0,0,0,0,0,0,0,0,0,0,0,0,0,0,0,0,0,0
2024-11-05 15:14:29.630319,0,0,0,0,0,0,0,0,0,0,0,0,0,0,0,0,0,0
2024-11-05 15:14:51.481234,0,0,0,0,0,0,0,0,0,0,0,0,0,0,0,0,0,0
2024-11-05 15:15:42.556248,0,0,0,0,0,0,0,0,0,0,0,0,0,0,0,0,0,0
2024-11-05 15:16:31.331303,0,0,0,0,0,0,0,0,0,0,0,0,0,0,0,0,0,0
2024-11-05 15:17:25.724902,0,0,0,0,0,0,0,0,0,0,0,0,0,0,0,0,0,0
2024-11-05 15:18:39.201177,0,0,0,0,0,0,0,0,0,0,0,0,0,0,0,0,0,0
2024-11-05 15:19:42.579799,0,0,0,0,0,0,0,0,0,0,0,0,0,0,0,0,0,0
2024-11-05 15:20:00.038394,0,0,0,0,0,0,0,0,0,0,0,0,0,0,0,0,0,0
2024-11-05 15:20:36.128858,0,0,0,0,0,0,0,0,0,0,0,0,0,0,0,0,0,0
2024-11-05 15:21:42.449929,0,0,0,0,0,0,0,0,0,0,0,0,0,0,0,0,0,0
2024-11-05 15:22:22.857331,0,0,0,0,0,0,0,0,0,0,0,0,0,0,0,0,0,0
2024-11-05 15:22:54.634880,0,0,0,0,0,0,0,0,0,0,0,0,0,0,0,0,0,0
2024-11-05 15:23:39.354683,0,0,0,0,0,0,0,0,0,0,0,0,0,0,0,0,0,0
2024-11-05 15:24:20.876622,0,0,0,0,0,0,0,0,0,0,0,0,0,0,0,0,0,0
2024-11-05 15:25:16.248095,0,0,0,0,0,0,0,0,0,0,0,0,0,0,0,0,0,0
2024-11-05 15:26:11.076595,0,0,0,0,0,0,0,0,0,0,0,0,0,0,0,0,0,0
2024-11-05 15:26:35.423059,0,0,0,0,0,0,0,0,0,0,0,0,0,0,0,0,0,0
2024-11-05 15:27:18.516611,0,0,0,0,0,0,0,0,0,0,0,0,0,0,0,0,0,0
2024-11-05 15:27:54.894507,0,0,0,0,0,0,0,0,0,0,0,0,0,0,0,0,0,0
2024-11-05 15:28:50.832506,0,0,0,0,0,0,0,0,0,0,0,0,0,0,0,0,0,0
2024-11-05 15:29:47.892009,0,0,0,0,0,0,0,0,0,0,0,0,0,0,0,0,0,0
2024-11-05 15:30:15.136567,0,0,0,0,0,0,0,0,0,0,0,0,0,0,0,0,0,0
2024-11-05 15:30:42.725375,0,0,0,0,0,0,0,0,0,0,0,0,0,0,0,0,0,0
2024-11-05 15:31:19.205728,0,0,0,0,0,0,0,0,0,0,0,0,0,0,0,0,0,0
2024-11-05 15:31:56.395072,0,0,0,0,0,0,0,0,0,0,0,0,0,0,0,0,0,0
2024-11-05 15:32:42.245473,0,0,0,0,0,0,0,0,0,0,0,0,0,0,0,0,0,0
2024-11-05 15:33:13.385504,0,0,0,0,0,0,0,0,0,0,0,0,0,0,0,0,0,0
2024-11-05 15:34:13.649815,0,0,0,0,0,0,0,0,0,0,0,0,0,0,0,0,0,0
2024-11-05 15:34:59.566897,0,0,0,0,0,0,0,0,0,0,0,0,0,0,0,0,0,0
2024-11-05 15:35:44.805418,0,0,0,0,0,0,0,0,0,0,0,0,0,0,0,0,0,0
2024-11-05 15:37:00.638624,0,0,0,0,0,0,0,0,0,0,0,0,0,0,0,0,0,0
2024-11-05 15:37:43.683938,0,0,0,0,0,0,0,0,0,0,0,0,0,0,0,0,0,0
2024-11-05 15:38:41.817006,0,0,0,0,0,0,0,0,0,0,0,0,0,0,0,0,0,0
2024-11-05 15:39:13.023525,0,0,0,0,0,0,0,0,0,0,0,0,0,0,0,0,0,0
2024-11-05 15:40:19.938255,0,0,0,0,0,0,0,0,0,0,0,0,0,0,0,0,0,0
2024-11-05 15:41:06.640520,0,0,0,0,0,0,0,0,0,0,0,0,0,0,0,0,0,0
2024-11-05 15:41:47.033664,0,0,0,0,0,0,0,0,0,0,0,0,0,0,0,0,0,0
2024-11-05 15:42:44.808311,0,0,0,0,0,0,0,0,0,0,0,0,0,0,0,0,0,0
2024-11-05 15:43:06.962173,0,0,0,0,0,0,0,0,0,0,0,0,0,0,0,0,0,0
2024-11-05 15:43:42.198292,0,0,0,0,0,0,0,0,0,0,0,0,0,0,0,0,0,0
2024-11-05 15:44:15.266491,0,0,0,0,0,0,0,0,0,0,0,0,0,0,0,0,0,0
2024-11-05 15:45:05.525699,0,0,0,0,0,0,0,0,0,0,0,0,0,0,0,0,0,0
2024-11-05 15:45:52.712615,0,0,0,0,0,0,0,0,0,0,0,0,0,0,0,0,0,0
2024-11-05 15:46:23.390099,0,0,0,0,0,0,0,0,0,0,0,0,0,0,0,0,0,0
2024-11-05 15:47:05.377266,0,0,0,0,0,0,0,0,0,0,0,0,0,0,0,0,0,0
2024-11-05 15:47:31.108041,0,0,0,0,0,0,0,0,0,0,0,0,0,0,0,0,0,0
2024-11-05 15:48:19.120328,0,0,0,0,0,0,0,0,0,0,0,0,0,0,0,0,0,0
2024-11-05 15:49:01.997947,0,0,0,0,0,0,0,0,0,0,0,0,0,0,0,0,0,0
2024-11-05 15:49:34.179445,0,0,0,0,0,0,0,0,0,0,0,0,0,0,0,0,0,0
2024-11-05 15:49:58.177134,0,0,0,0,0,0,0,0,0,0,0,0,0,0,0,0,0,0
2024-11-05 15:50:50.879593,0,0,0,0,0,0,0,0,0,0,0,0,0,0,0,0,0,0
2024-11-05 15:51:14.437086,0,0,0,0,0,0,0,0,0,0,0,0,0,0,0,0,0,0
2024-11-05 15:52:18.612414,0,0,0,0,0,0,0,0,0,0,0,0,0,0,0,0,0,0
2024-11-05 15:52:49.813887,0,0,0,0,0,0,0,0,0,0,0,0,0,0,0,0,0,0
2024-11-05 15:53:34.328560,0,0,0,0,0,0,0,0,0,0,0,0,0,0,0,0,0,0
2024-11-05 15:54:15.673133,0,0,0,0,0,0,0,0,0,0,0,0,0,0,0,0,0,0
2024-11-05 15:54:37.055176,0,0,0,0,0,0,0,0,0,0,0,0,0,0,0,0,0,0
2024-11-05 15:55:16.791682,0,0,0,0,0,0,0,0,0,0,0,0,0,0,0,0,0,0
2024-11-05 15:55:43.919180,0,0,0,0,0,0,0,0,0,0,0,0,0,0,0,0,0,0
2024-11-05 15:56:54.705237,0,0,0,0,0,0,0,0,0,0,0,0,0,0,0,0,0,0
2024-11-05 15:57:45.385078,0,0,0,0,0,0,0,0,0,0,0,0,0,0,0,0,0,0
2024-11-05 15:58:47.364619,0,0,0,0,0,0,0,0,0,0,0,0,0,0,0,0,0,0
2024-11-05 15:59:50.554934,0,0,0,0,0,0,0,0,0,0,0,0,0,0,0,0,0,0
2024-11-05 16:00:17.201349,0,0,0,0,0,0,0,0,0,0,0,0,0,0,0,0,0,0
2024-11-05 16:00:55.591562,0,0,0,0,0,0,0,0,0,0,0,0,0,0,0,0,0,0
2024-11-05 16:01:41.994975,0,0,0,0,0,0,0,0,0,0,0,0,0,0,0,0,0,0
2024-11-05 16:02:33.381564,0,0,0,0,0,0,0,0,0,0,0,0,0,0,0,0,0,0
2024-11-05 16:03:01.044098,0,0,0,0,0,0,0,0,0,0,0,0,0,0,0,0,0,0
2024-11-05 16:04:06.269042,0,0,0,0,0,0,0,0,0,0,0,0,0,0,0,0,0,0
2024-11-05 16:05:12.332724,0,0,0,0,0,0,0,0,0,0,0,0,0,0,0,0,0,0
2024-11-05 16:05:48.338219,0,0,0,0,0,0,0,0,0,0,0,0,0,0,0,0,0,0
2024-11-05 16:06:53.444881,0,0,0,0,0,0,0,0,0,0,0,0,0,0,0,0,0,0
2024-11-05 16:07:31.544193,0,0,0,0,0,0,0,0,0,0,0,0,0,0,0,0,0,0
2024-11-05 16:08:35.622526,0,0,0,0,0,0,0,0,0,0,0,0,0,0,0,0,0,0
2024-11-05 16:09:29.950272,0,0,0,0,0,0,0,0,0,0,0,0,0,0,0,0,0,0
2024-11-05 16:10:36.554498,0,0,0,0,0,0,0,0,0,0,0,0,0,0,0,0,0,0
2024-11-05 16:11:06.731182,0,0,0,0,0,0,0,0,0,0,0,0,0,0,0,0,0,0
2024-11-05 16:11:50.729929,0,0,0,0,0,0,0,0,0,0,0,0,0,0,0,0,0,0
2024-11-05 16:12:08.159028,0,0,0,0,0,0,0,0,0,0,0,0,0,0,0,0,0,0
2024-11-05 16:12:29.551652,0,0,0,0,0,0,0,0,0,0,0,0,0,0,0,0,0,0
2024-11-05 16:13:34.731238,0,0,0,0,0,0,0,0,0,0,0,0,0,0,0,0,0,0
2024-11-05 16:14:34.206678,0,0,0,0,0,0,0,0,0,0,0,0,0,0,0,0,0,0
2024-11-05 16:15:32.448862,0,0,0,0,0,0,0,0,0,0,0,0,0,0,0,0,0,0
2024-11-05 16:15:54.578473,0,0,0,0,0,0,0,0,0,0,0,0,0,0,0,0,0,0
2024-11-05 16:16:57.729461,0,0,0,0,0,0,0,0,0,0,0,0,0,0,0,0,0,0
2024-11-05 16:17:22.953650,0,0,0,0,0,0,0,0,0,0,0,0,0,0,0,0,0,0
2024-11-05 16:17:50.138856,0,0,0,0,0,0,0,0,0,0,0,0,0,0,0,0,0,0
2024-11-05 16:18:05.303648,0,0,0,0,0,0,0,0,0,0,0,0,0,0,0,0,0,0
2024-11-05 16:19:04.308812,0,0,0,0,0,0,0,0,0,0,0,0,0,0,0,0,0,0
2024-11-05 16:20:07.645910,0,0,0,0,0,0,0,0,0,0,0,0,0,0,0,0,0,0
2024-11-05 16:21:15.315906,0,0,0,0,0,0,0,0,0,0,0,0,0,0,0,0,0,0
2024-11-05 16:22:28.636751,0,0,0,0,0,0,0,0,0,0,0,0,0,0,0,0,0,0
2024-11-05 16:22:53.086804,0,0,0,0,0,0,0,0,0,0,0,0,0,0,0,0,0,0
2024-11-05 16:23:42.474443,0,0,0,0,0,0,0,0,0,0,0,0,0,0,0,0,0,0
2024-11-05 16:24:45.762254,0,0,0,0,0,0,0,0,0,0,0,0,0,0,0,0,0,0
2024-11-05 16:25:43.004390,0,0,0,0,0,0,0,0,0,0,0,0,0,0,0,0,0,0
2024-11-05 16:26:51.791377,0,0,0,0,0,0,0,0,0,0,0,0,0,0,0,0,0,0
2024-11-05 16:28:06.663993,0,0,0,0,0,0,0,0,0,0,0,0,0,0,0,0,0,0
2024-11-05 16:28:29.932121,0,0,0,0,0,0,0,0,0,0,0,0,0,0,0,0,0,0
2024-11-05 16:28:49.479,0,0,0,0,0,0,0,0,0,0,0,0,0,0,0,0,0,0
2024-11-05 16:29:13.804190,0,0,0,0,0,0,0,0,0,0,0,0,0,0,0,0,0,0
2024-11-05 16:30:00.349510,0,0,0,0,0,0,0,0,0,0,0,0,0,0,0,0,0,0
2024-11-05 16:31:03.580077,0,0,0,0,0,0,0,0,0,0,0,0,0,0,0,0,0,0
2024-11-05 16:32:04.777898,0,0,0,0,0,0,0,0,0,0,0,0,0,0,0,0,0,0
2024-11-05 16:32:31.488351,0,0,0,0,0,0,0,0,0,0,0,0,0,0,0,0,0,0
2024-11-05 16:32:57.489316,0,0,0,0,0,0,0,0,0,0,0,0,0,0,0,0,0,0
2024-11-05 16:33:27.720118,0,0,0,0,0,0,0,0,0,0,0,0,0,0,0,0,0,0
2024-11-05 16:33:59.093060,0,0,0,0,0,0,0,0,0,0,0,0,0,0,0,0,0,0
2024-11-05 16:34:47.269860,0,0,0,0,0,0,0,0,0,0,0,0,0,0,0,0,0,0
2024-11-05 16:35:24.022190,0,0,0,0,0,0,0,0,0,0,0,0,0,0,0,0,0,0
2024-11-05 16:35:51.911184,0,0,0,0,0,0,0,0,0,0,0,0,0,0,0,0,0,0
2024-11-05 16:36:13.618547,0,0,0,0,0,0,0,0,0,0,0,0,0,0,0,0,0,0
2024-11-05 16:36:49.648918,0,0,0,0,0,0,0,0,0,0,0,0,0,0,0,0,0,0
2024-11-05 16:38:03.705556,0,0,0,0,0,0,0,0,0,0,0,0,0,0,0,0,0,0
2024-11-05 16:39:01.143935,0,0,0,0,0,0,0,0,0,0,0,0,0,0,0,0,0,0
2024-11-05 16:39:52.566213,0,0,0,0,0,0,0,0,0,0,0,0,0,0,0,0,0,0
2024-11-05 16:40:47.383730,0,0,0,0,0,0,0,0,0,0,0,0,0,0,0,0,0,0
2024-11-05 16:41:17.569703,0,0,0,0,0,0,0,0,0,0,0,0,0,0,0,0,0,0
2024-11-05 16:42:13.021055,0,0,0,0,0,0,0,0,0,0,0,0,0,0,0,0,0,0
2024-11-05 16:42:47.034288,0,0,0,0,0,0,0,0,0,0,0,0,0,0,0,0,0,0
2024-11-05 16:43:18.314062,0,0,0,0,0,0,0,0,0,0,0,0,0,0,0,0,0,0
2024-11-05 16:44:32.680014,0,0,0,0,0,0,0,0,0,0,0,0,0,0,0,0,0,0
2024-11-05 16:45:27.002368,0,0,0,0,0,0,0,0,0,0,0,0,0,0,0,0,0,0
2024-11-05 16:46:00.466648,0,0,0,0,0,0,0,0,0,0,0,0,0,0,0,0,0,0
2024-11-05 16:46:49.418519,0,0,0,0,0,0,0,0,0,0,0,0,0,0,0,0,0,0
2024-11-05 16:47:33.634670,0,0,0,0,0,0,0,0,0,0,0,0,0,0,0,0,0,0
2024-11-05 16:47:55.715054,0,0,0,0,0,0,0,0,0,0,0,0,0,0,0,0,0,0
2024-11-05 16:49:03.373430,0,0,0,0,0,0,0,0,0,0,0,0,0,0,0,0,0,0
2024-11-05 16:49:24.133321,0,0,0,0,0,0,0,0,0,0,0,0,0,0,0,0,0,0
2024-11-05 16:50:16.345021,0,0,0,0,0,0,0,0,0,0,0,0,0,0,0,0,0,0
2024-11-05 16:50:51.432613,0,0,0,0,0,0,0,0,0,0,0,0,0,0,0,0,0,0
2024-11-05 16:51:15.670364,0,0,0,0,0,0,0,0,0,0,0,0,0,0,0,0,0,0
2024-11-05 16:52:03.536280,0,0,0,0,0,0,0,0,0,0,0,0,0,0,0,0,0,0
2024-11-05 16:52:58.502717,0,0,0,0,0,0,0,0,0,0,0,0,0,0,0,0,0,0
2024-11-05 16:53:42.514161,0,0,0,0,0,0,0,0,0,0,0,0,0,0,0,0,0,0
2024-11-05 16:54:11.293417,0,0,0,0,0,0,0,0,0,0,0,0,0,0,0,0,0,0
2024-11-05 16:54:50.601828,0,0,0,0,0,0,0,0,0,0,0,0,0,0,0,0,0,0
2024-11-05 16:55:31.427750,0,0,0,0,0,0,0,0,0,0,0,0,0,0,0,0,0,0
2024-11-05 16:56:39.048318,0,0,0,0,0,0,0,0,0,0,0,0,0,0,0,0,0,0
2024-11-05 16:56:58.632661,0,0,0,0,0,0,0,0,0,0,0,0,0,0,0,0,0,0
2024-11-05 16:58:12.105966,0,0,0,0,0,0,0,0,0,0,0,0,0,0,0,0,0,0
2024-11-05 16:58:53.155830,0,0,0,0,0,0,0,0,0,0,0,0,0,0,0,0,0,0
2024-11-05 16:59:58.492875,0,0,0,0,0,0,0,0,0,0,0,0,0,0,0,0,0,0
2024-11-05 17:00:30.907793,0,0,0,0,0,0,0,0,0,0,0,0,0,0,0,0,0,0
2024-11-05 17:00:52.182564,0,0,0,0,0,0,0,0,0,0,0,0,0,0,0,0,0,0
2024-11-05 17:01:38.511636,0,0,0,0,0,0,0,0,0,0,0,0,0,0,0,0,0,0
2024-11-05 17:02:17.853016,0,0,0,0,0,0,0,0,0,0,0,0,0,0,0,0,0,0
2024-11-05 17:03:02.867819,0,0,0,0,0,0,0,0,0,0,0,0,0,0,0,0,0,0
2024-11-05 17:04:00.206899,0,0,0,0,0,0,0,0,0,0,0,0,0,0,0,0,0,0
2024-11-05 17:04:39.553806,0,0,0,0,0,0,0,0,0,0,0,0,0,0,0,0,0,0
2024-11-05 17:05:00.492735,0,0,0,0,0,0,0,0,0,0,0,0,0,0,0,0,0,0
2024-11-05 17:06:08.432548,0,0,0,0,0,0,0,0,0,0,0,0,0,0,0,0,0,0
2024-11-05 17:06:56.190990,0,0,0,0,0,0,0,0,0,0,0,0,0,0,0,0,0,0
2024-11-05 17:07:57.185206,0,0,0,0,0,0,0,0,0,0,0,0,0,0,0,0,0,0
2024-11-05 17:08:30.012872,0,0,0,0,0,0,0,0,0,0,0,0,0,0,0,0,0,0
2024-11-05 17:09:12.452372,0,0,0,0,0,0,0,0,0,0,0,0,0,0,0,0,0,0
2024-11-05 17:09:35.580037,0,0,0,0,0,0,0,0,0,0,0,0,0,0,0,0,0,0
2024-11-05 17:09:55.919088,0,0,0,0,0,0,0,0,0,0,0,0,0,0,0,0,0,0
2024-11-05 17:11:08.430944,0,0,0,0,0,0,0,0,0,0,0,0,0,0,0,0,0,0
2024-11-05 17:12:17.186380,0,0,0,0,0,0,0,0,0,0,0,0,0,0,0,0,0,0
2024-11-05 17:13:08.837553,0,0,0,0,0,0,0,0,0,0,0,0,0,0,0,0,0,0
2024-11-05 17:14:04.452475,0,0,0,0,0,0,0,0,0,0,0,0,0,0,0,0,0,0
2024-11-05 17:14:34.053236,0,0,0,0,0,0,0,0,0,0,0,0,0,0,0,0,0,0
2024-11-05 17:15:04.428564,0,0,0,0,0,0,0,0,0,0,0,0,0,0,0,0,0,0
2024-11-05 17:16:01.402079,0,0,0,0,0,0,0,0,0,0,0,0,0,0,0,0,0,0
2024-11-05 17:16:44.882811,0,0,0,0,0,0,0,0,0,0,0,0,0,0,0,0,0,0
2024-11-05 17:17:05.338677,0,0,0,0,0,0,0,0,0,0,0,0,0,0,0,0,0,0
2024-11-05 17:18:00.863364,0,0,0,0,0,0,0,0,0,0,0,0,0,0,0,0,0,0
2024-11-05 17:19:08.088129,0,0,0,0,0,0,0,0,0,0,0,0,0,0,0,0,0,0
2024-11-05 17:19:42.045584,0,0,0,0,0,0,0,0,0,0,0,0,0,0,0,0,0,0
2024-11-05 17:20:48.955740,0,0,0,0,0,0,0,0,0,0,0,0,0,0,0,0,0,0
2024-11-05 17:21:52.684385,0,0,0,0,0,0,0,0,0,0,0,0,0,0,0,0,0,0
2024-11-05 17:22:44.623231,0,0,0,0,0,0,0,0,0,0,0,0,0,0,0,0,0,0
2024-11-05 17:23:39.948431,0,0,0,0,0,0,0,0,0,0,0,0,0,0,0,0,0,0
2024-11-05 17:24:27.716338,0,0,0,0,0,0,0,0,0,0,0,0,0,0,0,0,0,0
2024-11-05 17:25:30.839849,0,0,0,0,0,0,0,0,0,0,0,0,0,0,0,0,0,0
2024-11-05 17:26:06.315429,0,0,0,0,0,0,0,0,0,0,0,0,0,0,0,0,0,0
2024-11-05 17:26:31.166877,0,0,0,0,0,0,0,0,0,0,0,0,0,0,0,0,0,0
2024-11-05 17:27:30.702923,0,0,0,0,0,0,0,0,0,0,0,0,0,0,0,0,0,0
2024-11-05 17:28:33.694083,0,0,0,0,0,0,0,0,0,0,0,0,0,0,0,0,0,0
2024-11-05 17:29:31.792476,0,0,0,0,0,0,0,0,0,0,0,0,0,0,0,0,0,0
2024-11-05 17:30:42.445923,0,0,0,0,0,0,0,0,0,0,0,0,0,0,0,0,0,0
2024-11-05 17:32:00.109836,0,0,0,0,0,0,0,0,0,0,0,0,0,0,0,0,0,0
2024-11-05 17:33:10.748968,0,0,0,0,0,0,0,0,0,0,0,0,0,0,0,0,0,0
2024-11-05 17:34:10.418080,0,0,0,0,0,0,0,0,0,0,0,0,0,0,0,0,0,0
2024-11-05 17:34:37.431170,0,0,0,0,0,0,0,0,0,0,0,0,0,0,0,0,0,0
2024-11-05 17:35:09.579128,0,0,0,0,0,0,0,0,0,0,0,0,0,0,0,0,0,0
2024-11-05 17:36:21.271636,0,0,0,0,0,0,0,0,0,0,0,0,0,0,0,0,0,0
2024-11-05 17:37:44.595154,0,0,0,0,0,0,0,0,0,0,0,0,0,0,0,0,0,0
2024-11-05 17:38:30.015807,0,0,0,0,0,0,0,0,0,0,0,0,0,0,0,0,0,0
2024-11-05 17:39:37.627099,0,0,0,0,0,0,0,0,0,0,0,0,0,0,0,0,0,0
2024-11-05 17:40:26.812492,0,0,0,0,0,0,0,0,0,0,0,0,0,0,0,0,0,0
2024-11-05 17:41:05.092528,0,0,0,0,0,0,0,0,0,0,0,0,0,0,0,0,0,0
2024-11-05 17:41:58.375497,0,0,0,0,0,0,0,0,0,0,0,0,0,0,0,0,0,0
2024-11-05 17:43:10.592741,0,0,0,0,0,0,0,0,0,0,0,0,0,0,0,0,0,0
2024-11-05 17:44:22.805784,0,0,0,0,0,0,0,0,0,0,0,0,0,0,0,0,0,0
2024-11-05 17:44:51.569507,0,0,0,0,0,0,0,0,0,0,0,0,0,0,0,0,0,0
2024-11-05 17:45:34.117172,0,0,0,0,0,0,0,0,0,0,0,0,0,0,0,0,0,0
2024-11-05 17:46:29.012056,0,0,0,0,0,0,0,0,0,0,0,0,0,0,0,0,0,0
2024-11-05 17:47:10.401763,0,0,0,0,0,0,0,0,0,0,0,0,0,0,0,0,0,0
2024-11-05 17:48:08.136356,0,0,0,0,0,0,0,0,0,0,0,0,0,0,0,0,0,0
2024-11-05 17:48:47.644009,0,0,0,0,0,0,0,0,0,0,0,0,0,0,0,0,0,0
2024-11-05 17:49:48.941099,0,0,0,0,0,0,0,0,0,0,0,0,0,0,0,0,0,0
2024-11-05 17:50:13.841558,0,0,0,0,0,0,0,0,0,0,0,0,0,0,0,0,0,0
2024-11-05 17:50:55.559433,0,0,0,0,0,0,0,0,0,0,0,0,0,0,0,0,0,0
2024-11-05 17:52:17.507429,0,0,0,0,0,0,0,0,0,0,0,0,0,0,0,0,0,0
2024-11-05 17:53:00.858069,0,0,0,0,0,0,0,0,0,0,0,0,0,0,0,0,0,0
2024-11-05 17:53:58.937376,0,0,0,0,0,0,0,0,0,0,0,0,0,0,0,0,0,0
2024-11-05 17:54:44.265591,0,0,0,0,0,0,0,0,0,0,0,0,0,0,0,0,0,0
2024-11-05 17:55:49.292216,0,0,0,0,0,0,0,0,0,0,0,0,0,0,0,0,0,0
2024-11-05 17:56:26.582941,0,0,0,0,0,0,0,0,0,0,0,0,0,0,0,0,0,0
2024-11-05 17:57:02.629070,0,0,0,0,0,0,0,0,0,0,0,0,0,0,0,0,0,0
2024-11-05 17:58:07.342615,0,0,0,0,0,0,0,0,0,0,0,0,0,0,0,0,0,0
2024-11-05 17:59:12.767614,0,0,0,0,0,0,0,0,0,0,0,0,0,0,0,0,0,0
2024-11-05 18:00:24.831413,0,0,0,0,0,0,0,0,0,0,0,0,0,0,0,0,0,0
2024-11-05 18:01:09.333278,0,0,0,0,0,0,0,0,0,0,0,0,0,0,0,0,0,0
2024-11-05 18:01:54.768211,0,0,0,0,0,0,0,0,0,0,0,0,0,0,0,0,0,0
2024-11-05 18:02:42.777441,0,0,0,0,0,0,0,0,0,0,0,0,0,0,0,0,0,0
2024-11-05 18:03:38.466239,0,0,0,0,0,0,0,0,0,0,0,0,0,0,0,0,0,0
2024-11-05 18:04:20.331376,0,0,0,0,0,0,0,0,0,0,0,0,0,0,0,0,0,0
2024-11-05 18:04:51.436660,0,0,0,0,0,0,0,0,0,0,0,0,0,0,0,0,0,0
2024-11-05 18:05:28.920939,0,0,0,0,0,0,0,0,0,0,0,0,0,0,0,0,0,0
2024-11-05 18:06:47.304649,0,0,0,0,0,0,0,0,0,0,0,0,0,0,0,0,0,0
2024-11-05 18:07:14.800002,0,0,0,0,0,0,0,0,0,0,0,0,0,0,0,0,0,0
2024-11-05 18:08:10.820869,0,0,0,0,0,0,0,0,0,0,0,0,0,0,0,0,0,0
2024-11-05 18:08:43.993847,0,0,0,0,0,0,0,0,0,0,0,0,0,0,0,0,0,0
2024-11-05 18:09:26.797717,0,0,0,0,0,0,0,0,0,0,0,0,0,0,0,0,0,0
2024-11-05 18:09:26.797717,0,0,0,0,0,0,0,0,0,0,0,0,0,0,0,0,0,0
2024-11-05 18:09:26.797717,0,0,0,0,0,0,0,0,0,0,0,0,0,0,0,0,0,0
2024-11-05 18:09:26.797717,0,0,0,0,0,0,0,0,0,0,0,0,0,0,0,0,0,0
2024-11-05 18:09:26.797717,0,0,0,0,0,0,0,0,0,0,0,0,0,0,0,0,0,0
2024-11-05 18:09:26.797717,0,0,0,0,0,0,0,0,0,0,0,0,0,0,0,0,0,0
2024-11-05 18:09:26.797717,0,0,0,0,0,0,0,0,0,0,0,0,0,0,0,0,0,0
2024-11-05 18:09:26.797717,0,0,0,0,0,0,0,0,0,0,0,0,0,0,0,0,0,0
2024-11-05 18:09:26.797717,0,0,0,0,0,0,0,0,0,0,0,0,0,0,0,0,0,0
2024-11-05 18:09:26.797717,0,0,0,0,0,0,0,0,0,0,0,0,0,0,0,0,0,0
2024-11-05 18:09:26.797717,0,0,0,0,0,0,0,0,0,0,0,0,0,0,0,0,0,0
2024-11-05 18:09:26.797717,0,0,0,0,0,0,0,0,0,0,0,0,0,0,0,0,0,0
2024-11-05 18:09:26.797717,0,0,0,0,0,0,0,0,0,0,0,0,0,0,0,0,0,0
2024-11-05 18:09:26.797717,0,0,0,0,0,0,0,0,0,0,0,0,0,0,0,0,0,0
2024-11-05 18:09:26.797717,0,0,0,0,0,0,0,0,0,0,0,0,0,0,0,0,0,0
2024-11-05 18:09:26.797717,0,0,0,0,0,0,0,0,0,0,0,0,0,0,0,0,0,0
2024-11-05 18:09:26.797717,0,0,0,0,0,0,0,0,0,0,0,0,0,0,0,0,0,0
2024-11-05 18:09:26.797717,0,0,0,0,0,0,0,0,0,0,0,0,0,0,0,0,0,0
2024-11-05 18:09:26.797717,0,0,0,0,0,0,0,0,0,0,0,0,0,0,0,0,0,0
2024-11-05 18:09:26.797717,0,0,0,0,0,0,0,0,0,0,0,0,0,0,0,0,0,0
2024-11-05 18:09:26.797717,0,0,0,0,0,0,0,0,0,0,0,0,0,0,0,0,0,0
2024-11-05 18:09:26.797717,0,0,0,0,0,0,0,0,0,0,0,0,0,0,0,0,0,0
2024-11-05 18:09:26.797717,0,0,0,0,0,0,0,0,0,0,0,0,0,0,0,0,0,0
2024-11-05 18:09:26.797717,0,0,0,0,0,0,0,0,0,0,0,0,0,0,0,0,0,0
2024-11-05 18:09:26.797717,0,0,0,0,0,0,0,0,0,0,0,0,0,0,0,0,0,0
2024-11-05 18:09:26.797717,0,0,0,0,0,0,0,0,0,0,0,0,0,0,0,0,0,0
2024-11-05 18:09:26.797717,0,0,0,0,0,0,0,0,0,0,0,0,0,0,0,0,0,0
2024-11-05 18:09:26.797717,0,0,0,0,0,0,0,0,0,0,0,0,0,0,0,0,0,0
2024-11-05 18:09:26.797717,0,0,0,0,0,0,0,0,0,0,0,0,0,0,0,0,0,0
2024-11-05 18:09:26.797717,0,0,0,0,0,0,0,0,0,0,0,0,0,0,0,0,0,0
2024-11-05 18:09:26.797717,0,0,0,0,0,0,0,0,0,0,0,0,0,0,0,0,0,0
2024-11-05 18:09:26.797717,0,0,0,0,0,0,0,0,0,0,0,0,0,0,0,0,0,0
2024-11-05 19:22:43.807181,0,1013,248,0,0,1261,0,2419,171,0,0,2590,0,3474,426,0,0,3900
2024-11-05 19:24:11.300494,0,1013,248,0,0,1261,0,2419,171,0,0,2590,0,3474,426,0,0,3900
2024-11-05 19:25:19.963139,0,1013,248,0,0,1261,0,2419,171,0,0,2590,0,3474,426,0,0,3900
2024-11-05 19:27:06.414501,0,1013,248,0,0,1261,0,2419,171,0,0,2590,0,3474,426,0,0,3900
2024-11-05 19:28:31.056789,0,1013,248,0,0,1261,0,2419,171,0,0,2590,0,3474,426,0,0,3900
2024-11-05 19:29:26.904239,0,1013,248,0,0,1261,0,2419,171,0,0,2590,0,3474,426,0,0,3900
2024-11-05 19:30:02.497712,0,1013,248,0,0,1261,0,2419,171,0,0,2590,0,3474,426,0,0,3900
2024-11-05 19:30:02.497712,0,1013,248,0,0,1261,0,2419,171,0,0,2590,0,3474,426,0,0,3900
2024-11-05 19:30:02.497712,0,1013,248,0,0,1261,0,2419,171,0,0,2590,0,3474,426,0,0,3900
2024-11-05 19:30:02.497712,0,1013,248,0,0,1261,0,2419,171,0,0,2590,0,3474,426,0,0,3900
2024-11-05 19:30:02.497712,0,1013,248,0,0,1261,0,2419,171,0,0,2590,0,3474,426,0,0,3900
2024-11-05 19:30:02.497712,0,1013,248,0,0,1261,0,2419,171,0,0,2590,0,3474,426,0,0,3900
2024-11-05 19:30:02.497712,0,1013,248,0,0,1261,0,2419,171,0,0,2590,0,3474,426,0,0,3900
2024-11-05 19:30:02.497712,0,1013,248,0,0,1261,0,2419,171,0,0,2590,0,3474,426,0,0,3900
2024-11-05 19:30:02.497712,0,1013,248,0,0,1261,0,2419,171,0,0,2590,0,3474,426,0,0,3900
2024-11-05 19:30:02.497712,0,1013,248,0,0,1261,0,2419,171,0,0,2590,0,3474,426,0,0,3900
2024-11-05 19:30:02.497712,0,1013,248,0,0,1261,0,2419,171,0,0,2590,0,3474,426,0,0,3900
2024-11-05 19:30:02.497712,0,1013,248,0,0,1261,0,2419,171,0,0,2590,0,3474,426,0,0,3900
2024-11-05 19:30:02.497712,0,1013,248,0,0,1261,0,2419,171,0,0,2590,0,3474,426,0,0,3900
2024-11-05 19:30:02.497712,0,1013,248,0,0,1261,0,2419,171,0,0,2590,0,3474,426,0,0,3900
2024-11-05 19:30:02.497712,0,1013,248,0,0,1261,0,2419,171,0,0,2590,0,3474,426,0,0,3900
2024-11-05 19:30:02.497712,0,1013,248,0,0,1261,0,2419,171,0,0,2590,0,3474,426,0,0,3900
2024-11-05 19:30:02.497712,0,1013,248,0,0,1261,0,2419,171,0,0,2590,0,3474,426,0,0,3900
2024-11-05 19:30:02.497712,0,1013,248,0,0,1261,0,2419,171,0,0,2590,0,3474,426,0,0,3900
2024-11-05 19:30:02.497712,0,1013,248,0,0,1261,0,2419,171,0,0,2590,0,3474,426,0,0,3900
2024-11-05 19:44:21.895050,1157,1013,248,0,0,2418,1701,2419,171,0,0,4291,2884,3474,426,0,0,6784
2024-11-05 19:44:21.895050,1157,1013,248,0,0,2418,1701,2419,171,0,0,4291,2884,3474,426,0,0,6784
2024-11-05 19:44:21.895050,1157,1013,248,0,0,2418,1701,2419,171,0,0,4291,2884,3474,426,0,0,6784
2024-11-05 19:47:19.834550,1157,1013,248,0,0,2418,1701,2419,171,0,0,4291,2884,3474,426,0,0,6784
