2024-11-05 13:53:13.783548,0,0,0.000,0,0.000,0.000
2024-11-05 13:53:31.130149,0,0,0.000,0,0.000,0.000
2024-11-05 13:54:03.220881,0,0,0.000,0,0.000,0.000
2024-11-05 13:54:26.916746,0,0,0.000,0,0.000,0.000
2024-11-05 13:54:44.189778,0,0,0.000,0,0.000,0.000
2024-11-05 13:55:09.622135,0,0,0.000,0,0.000,0.000
2024-11-05 13:55:29.019814,0,0,0.000,0,0.000,0.000
2024-11-05 13:55:59.597249,0,0,0.000,0,0.000,0.000
2024-11-05 13:56:21.548844,0,0,0.000,0,0.000,0.000
2024-11-05 13:56:40.046976,0,0,0.000,0,0.000,0.000
2024-11-05 13:56:56.142966,0,0,0.000,0,0.000,0.000
2024-11-05 13:57:15.757163,0,0,0.000,0,0.000,0.000
2024-11-05 13:57:39.183769,0,0,0.000,0,0.000,0.000
2024-11-05 13:58:13.393025,0,0,0.000,0,0.000,0.000
2024-11-05 13:58:35.208426,0,0,0.000,0,0.000,0.000
2024-11-05 13:59:02.652578,0,0,0.000,0,0.000,0.000
2024-11-05 13:59:26.661858,0,0,0.000,0,0.000,0.000
2024-11-05 13:59:50.773411,0,0,0.000,0,0.000,0.000
2024-11-05 14:00:12.204071,0,0,0.000,0,0.000,0.000
2024-11-05 14:00:30.070657,0,0,0.000,0,0.000,0.000
2024-11-05 14:00:51.614555,0,0,0.000,0,0.000,0.000
2024-11-05 14:01:14.994425,0,0,0.000,0,0.000,0.000
2024-11-05 14:01:31.523643,0,0,0.000,0,0.000,0.000
2024-11-05 14:01:58.227591,0,0,0.000,0,0.000,0.000
2024-11-05 14:02:16.563866,0,0,0.000,0,0.000,0.000
2024-11-05 14:02:46.254807,0,0,0.000,0,0.000,0.000
2024-11-05 14:03:08.923249,0,0,0.000,0,0.000,0.000
2024-11-05 14:03:31.723590,0,0,0.000,0,0.000,0.000
2024-11-05 14:03:57.722825,0,0,0.000,0,0.000,0.000
2024-11-05 14:04:21.656858,0,0,0.000,0,0.000,0.000
2024-11-05 14:04:47.950033,0,0,0.000,0,0.000,0.000
2024-11-05 14:06:25.024527,0,0,0.000,0,0.000,0.000
2024-11-05 14:06:47.897732,0,0,0.000,0,0.000,0.000
2024-11-05 14:07:10.690773,0,0,0.000,0,0.000,0.000
2024-11-05 14:07:39.279553,0,0,0.000,0,0.000,0.000
2024-11-05 14:07:59.052562,0,0,0.000,0,0.000,0.000
2024-11-05 14:08:21.336147,0,0,0.000,0,0.000,0.000
2024-11-05 14:08:38.999590,0,0,0.000,0,0.000,0.000
2024-11-05 14:08:56.897931,0,0,0.000,0,0.000,0.000
2024-11-05 14:09:17.987809,0,0,0.000,0,0.000,0.000
2024-11-05 14:09:43.806805,0,0,0.000,0,0.000,0.000
2024-11-05 14:10:02.755254,0,0,0.000,0,0.000,0.000
2024-11-05 14:10:28.146987,0,0,0.000,0,0.000,0.000
2024-11-05 14:10:48.851040,0,0,0.000,0,0.000,0.000
2024-11-05 14:11:08.392240,0,0,0.000,0,0.000,0.000
2024-11-05 14:11:26.405443,0,0,0.000,0,0.000,0.000
2024-11-05 14:11:47.931654,0,0,0.000,0,0.000,0.000
2024-11-05 14:12:13.102136,0,0,0.000,0,0.000,0.000
2024-11-05 14:12:29.812969,0,0,0.000,0,0.000,0.000
2024-11-05 14:12:47.177819,0,0,0.000,0,0.000,0.000
2024-11-05 14:13:07.345774,0,0,0.000,0,0.000,0.000
2024-11-05 14:13:29.397383,0,0,0.000,0,0.000,0.000
2024-11-05 14:13:51.675534,0,0,0.000,0,0.000,0.000
2024-11-05 14:14:14.907675,0,0,0.000,0,0.000,0.000
2024-11-05 14:14:38.915680,0,0,0.000,0,0.000,0.000
2024-11-05 14:14:59.157966,0,0,0.000,0,0.000,0.000
2024-11-05 14:15:24.971684,0,0,0.000,0,0.000,0.000
2024-11-05 14:15:41.221846,0,0,0.000,0,0.000,0.000
2024-11-05 14:16:05.211274,0,0,0.000,0,0.000,0.000
2024-11-05 14:16:32.952864,0,0,0.000,0,0.000,0.000
2024-11-05 14:16:59.136769,0,0,0.000,0,0.000,0.000
2024-11-05 14:17:18.640389,0,0,0.000,0,0.000,0.000
2024-11-05 14:17:40.541141,0,0,0.000,0,0.000,0.000
2024-11-05 14:18:07.258511,0,0,0.000,0,0.000,0.000
2024-11-05 14:18:25.989597,0,0,0.000,0,0.000,0.000
2024-11-05 14:18:53.956113,0,0,0.000,0,0.000,0.000
2024-11-05 14:19:11.904080,0,0,0.000,0,0.000,0.000
2024-11-05 14:19:29.905787,0,0,0.000,0,0.000,0.000
2024-11-05 14:19:48.394379,0,0,0.000,0,0.000,0.000
2024-11-05 14:20:17.251755,0,0,0.000,0,0.000,0.000
2024-11-05 14:20:38.743841,0,0,0.000,0,0.000,0.000
2024-11-05 14:21:06.086703,0,0,0.000,0,0.000,0.000
2024-11-05 14:21:30.672692,0,0,0.000,0,0.000,0.000
2024-11-05 14:21:55.850227,0,0,0.000,0,0.000,0.000
2024-11-05 14:22:21.846818,0,0,0.000,0,0.000,0.000
2024-11-05 14:22:51.320718,0,0,0.000,0,0.000,0.000
2024-11-05 14:23:19.368573,0,0,0.000,0,0.000,0.000
2024-11-05 14:23:48.117263,0,0,0.000,0,0.000,0.000
2024-11-05 14:24:17.392552,0,0,0.000,0,0.000,0.000
2024-11-05 14:24:46.254586,0,0,0.000,0,0.000,0.000
2024-11-05 14:25:02.622149,0,0,0.000,0,0.000,0.000
2024-11-05 14:25:27.661981,0,0,0.000,0,0.000,0.000
2024-11-05 14:25:49.858220,0,0,0.000,0,0.000,0.000
2024-11-05 14:26:19.242983,0,0,0.000,0,0.000,0.000
2024-11-05 14:26:41.886435,0,0,0.000,0,0.000,0.000
2024-11-05 14:26:58.965939,0,0,0.000,0,0.000,0.000
2024-11-05 14:27:22.559670,0,0,0.000,0,0.000,0.000
2024-11-05 14:27:51.183614,0,0,0.000,0,0.000,0.000
2024-11-05 14:28:07.134225,0,0,0.000,0,0.000,0.000
2024-11-05 14:28:31.241858,0,0,0.000,0,0.000,0.000
2024-11-05 14:28:51.085686,0,0,0.000,0,0.000,0.000
2024-11-05 14:29:16.600472,0,0,0.000,0,0.000,0.000
2024-11-05 14:29:44.769502,0,0,0.000,0,0.000,0.000
2024-11-05 14:30:08.176285,0,0,0.000,0,0.000,0.000
2024-11-05 14:30:26.132227,0,0,0.000,0,0.000,0.000
2024-11-05 14:30:47.949612,0,0,0.000,0,0.000,0.000
2024-11-05 14:31:17.029030,0,0,0.000,0,0.000,0.000
2024-11-05 14:31:52.031945,0,0,0.000,0,0.000,0.000
2024-11-05 14:32:16.369807,0,0,0.000,0,0.000,0.000
2024-11-05 14:32:35.499127,0,0,0.000,0,0.000,0.000
2024-11-05 14:33:01.003823,0,0,0.000,0,0.000,0.000
2024-11-05 14:33:26.118994,0,0,0.000,0,0.000,0.000
2024-11-05 14:33:57.123675,0,0,0.000,0,0.000,0.000
2024-11-05 14:34:25.454108,0,0,0.000,0,0.000,0.000
2024-11-05 14:34:54.948452,0,0,0.000,0,0.000,0.000
2024-11-05 14:35:11.646394,0,0,0.000,0,0.000,0.000
2024-11-05 14:35:53.646800,0,0,0.000,0,0.000,0.000
2024-11-05 14:36:16.386922,0,0,0.000,0,0.000,0.000
2024-11-05 14:36:36.934731,0,0,0.000,0,0.000,0.000
2024-11-05 14:36:59.298577,0,0,0.000,0,0.000,0.000
2024-11-05 14:37:26.166847,0,0,0.000,0,0.000,0.000
2024-11-05 14:37:52.279981,0,0,0.000,0,0.000,0.000
2024-11-05 14:38:19.967004,0,0,0.000,0,0.000,0.000
2024-11-05 14:38:49.814822,0,0,0.000,0,0.000,0.000
2024-11-05 14:39:20.768473,0,0,0.000,0,0.000,0.000
2024-11-05 14:39:40.868606,0,0,0.000,0,0.000,0.000
2024-11-05 14:39:59.032963,0,0,0.000,0,0.000,0.000
2024-11-05 14:40:23.992187,0,0,0.000,0,0.000,0.000
2024-11-05 14:40:51.322843,0,0,0.000,0,0.000,0.000
2024-11-05 14:41:21.763862,0,0,0.000,0,0.000,0.000
2024-11-05 14:41:47.014276,0,0,0.000,0,0.000,0.000
2024-11-05 14:42:05.442686,0,0,0.000,0,0.000,0.000
2024-11-05 14:42:27.120784,0,0,0.000,0,0.000,0.000
2024-11-05 14:42:57.423290,0,0,0.000,0,0.000,0.000
2024-11-05 14:43:28.017816,0,0,0.000,0,0.000,0.000
2024-11-05 14:43:55.365709,0,0,0.000,0,0.000,0.000
2024-11-05 14:44:20.263696,0,0,0.000,0,0.000,0.000
2024-11-05 14:44:54.706600,0,0,0.000,0,0.000,0.000
2024-11-05 14:45:26.052330,0,0,0.000,0,0.000,0.000
2024-11-05 14:45:56.233892,0,0,0.000,0,0.000,0.000
2024-11-05 14:46:23.223603,0,0,0.000,0,0.000,0.000
2024-11-05 14:46:43.468608,0,0,0.000,0,0.000,0.000
2024-11-05 14:47:02.478885,0,0,0.000,0,0.000,0.000
2024-11-05 14:47:28.030631,0,0,0.000,0,0.000,0.000
2024-11-05 14:47:55.702709,0,0,0.000,0,0.000,0.000
2024-11-05 14:48:27.272210,0,0,0.000,0,0.000,0.000
2024-11-05 14:48:43.505548,0,0,0.000,0,0.000,0.000
2024-11-05 14:49:07.254140,0,0,0.000,0,0.000,0.000
2024-11-05 14:49:35.470971,0,0,0.000,0,0.000,0.000
2024-11-05 14:50:00.750369,0,0,0.000,0,0.000,0.000
2024-11-05 14:50:24.786424,0,0,0.000,0,0.000,0.000
2024-11-05 14:50:41.455082,0,0,0.000,0,0.000,0.000
2024-11-05 14:51:04.612483,0,0,0.000,0,0.000,0.000
2024-11-05 14:51:25.208838,0,0,0.000,0,0.000,0.000
2024-11-05 14:51:42.496363,0,0,0.000,0,0.000,0.000
2024-11-05 14:51:59.189260,0,0,0.000,0,0.000,0.000
2024-11-05 14:52:16.179381,0,0,0.000,0,0.000,0.000
2024-11-05 14:52:40.135885,0,0,0.000,0,0.000,0.000
2024-11-05 14:53:06.102100,0,0,0.000,0,0.000,0.000
2024-11-05 14:53:26.875163,0,0,0.000,0,0.000,0.000
2024-11-05 14:53:45.524020,0,0,0.000,0,0.000,0.000
2024-11-05 14:54:02.633096,0,0,0.000,0,0.000,0.000
2024-11-05 14:54:22.382443,0,0,0.000,0,0.000,0.000
2024-11-05 14:54:40.658496,0,0,0.000,0,0.000,0.000
2024-11-05 14:55:06.897413,0,0,0.000,0,0.000,0.000
2024-11-05 14:55:32.972884,0,0,0.000,0,0.000,0.000
2024-11-05 14:55:49.734888,0,0,0.000,0,0.000,0.000
2024-11-05 14:56:09.732829,0,0,0.000,0,0.000,0.000
2024-11-05 14:56:35.632054,0,0,0.000,0,0.000,0.000
2024-11-05 14:56:54.051960,0,0,0.000,0,0.000,0.000
2024-11-05 14:57:24.201310,0,0,0.000,0,0.000,0.000
2024-11-05 14:57:46.326182,0,0,0.000,0,0.000,0.000
2024-11-05 14:58:08.354744,0,0,0.000,0,0.000,0.000
2024-11-05 14:58:37.648612,0,0,0.000,0,0.000,0.000
2024-11-05 14:59:00.291728,0,0,0.000,0,0.000,0.000
2024-11-05 14:59:26.026319,0,0,0.000,0,0.000,0.000
2024-11-05 14:59:47.045519,0,0,0.000,0,0.000,0.000
2024-11-05 15:00:12.325536,0,0,0.000,0,0.000,0.000
2024-11-05 15:00:40.793990,0,0,0.000,0,0.000,0.000
2024-11-05 15:01:00.966106,0,0,0.000,0,0.000,0.000
2024-11-05 15:01:29.318766,0,0,0.000,0,0.000,0.000
2024-11-05 15:01:57.712956,0,0,0.000,0,0.000,0.000
2024-11-05 15:02:15.922834,0,0,0.000,0,0.000,0.000
2024-11-05 15:02:40.326579,0,0,0.000,0,0.000,0.000
2024-11-05 15:03:05.191045,0,0,0.000,0,0.000,0.000
2024-11-05 15:03:26.565729,0,0,0.000,0,0.000,0.000
2024-11-05 15:03:53.872058,0,0,0.000,0,0.000,0.000
2024-11-05 15:04:19.515264,0,0,0.000,0,0.000,0.000
2024-11-05 15:04:43.051547,0,0,0.000,0,0.000,0.000
2024-11-05 15:05:06.103596,0,0,0.000,0,0.000,0.000
2024-11-05 15:05:30.659488,0,0,0.000,0,0.000,0.000
2024-11-05 15:05:57.872186,0,0,0.000,0,0.000,0.000
2024-11-05 15:06:24.553637,0,0,0.000,0,0.000,0.000
2024-11-05 15:06:46.046496,0,0,0.000,0,0.000,0.000
2024-11-05 15:07:03.500053,0,0,0.000,0,0.000,0.000
2024-11-05 15:07:27.959371,0,0,0.000,0,0.000,0.000
2024-11-05 15:07:54.707119,0,0,0.000,0,0.000,0.000
2024-11-05 15:08:18.889272,0,0,0.000,0,0.000,0.000
2024-11-05 15:08:46.163130,0,0,0.000,0,0.000,0.000
2024-11-05 15:09:11.927788,0,0,0.000,0,0.000,0.000
2024-11-05 15:09:38.355745,0,0,0.000,0,0.000,0.000
2024-11-05 15:10:04.181231,0,0,0.000,0,0.000,0.000
2024-11-05 15:10:25.568187,0,0,0.000,0,0.000,0.000
2024-11-05 15:10:44.912296,0,0,0.000,0,0.000,0.000
2024-11-05 15:11:10.417419,0,0,0.000,0,0.000,0.000
2024-11-05 15:11:35.080607,0,0,0.000,0,0.000,0.000
2024-11-05 15:12:01.424960,0,0,0.000,0,0.000,0.000
2024-11-05 15:12:32.765578,0,0,0.000,0,0.000,0.000
2024-11-05 15:12:49.566936,0,0,0.000,0,0.000,0.000
2024-11-05 15:13:10.742003,0,0,0.000,0,0.000,0.000
2024-11-05 15:13:34.442629,0,0,0.000,0,0.000,0.000
2024-11-05 15:13:51.490084,0,0,0.000,0,0.000,0.000
2024-11-05 15:14:17.284241,0,0,0.000,0,0.000,0.000
2024-11-05 15:14:46.310776,0,0,0.000,0,0.000,0.000
2024-11-05 15:15:11.222736,0,0,0.000,0,0.000,0.000
2024-11-05 15:15:31.443086,0,0,0.000,0,0.000,0.000
2024-11-05 15:16:00.147419,0,0,0.000,0,0.000,0.000
2024-11-05 15:16:17.526178,0,0,0.000,0,0.000,0.000
2024-11-05 15:16:41.420484,0,0,0.000,0,0.000,0.000
2024-11-05 15:17:04.549354,0,0,0.000,0,0.000,0.000
2024-11-05 15:17:29.616924,0,0,0.000,0,0.000,0.000
2024-11-05 15:17:52.976883,0,0,0.000,0,0.000,0.000
2024-11-05 15:18:22.562960,0,0,0.000,0,0.000,0.000
2024-11-05 15:18:52.090854,0,0,0.000,0,0.000,0.000
2024-11-05 15:19:12.755045,0,0,0.000,0,0.000,0.000
2024-11-05 15:19:43.031225,0,0,0.000,0,0.000,0.000
2024-11-05 15:20:06.235612,0,0,0.000,0,0.000,0.000
2024-11-05 15:20:33.765953,0,0,0.000,0,0.000,0.000
2024-11-05 15:20:51.450591,0,0,0.000,0,0.000,0.000
2024-11-05 15:21:13.424837,0,0,0.000,0,0.000,0.000
2024-11-05 15:21:31.862535,0,0,0.000,0,0.000,0.000
2024-11-05 15:22:00.872259,0,0,0.000,0,0.000,0.000
2024-11-05 15:22:17.880712,0,0,0.000,0,0.000,0.000
2024-11-05 15:22:44.965939,0,0,0.000,0,0.000,0.000
2024-11-05 15:23:11.754202,0,0,0.000,0,0.000,0.000
2024-11-05 15:23:31.150205,0,0,0.000,0,0.000,0.000
2024-11-05 15:23:59.310404,0,0,0.000,0,0.000,0.000
2024-11-05 15:24:28.013886,0,0,0.000,0,0.000,0.000
2024-11-05 15:24:53.409971,0,0,0.000,0,0.000,0.000
2024-11-05 15:25:17.041636,0,0,0.000,0,0.000,0.000
2024-11-05 15:25:41.686526,0,0,0.000,0,0.000,0.000
2024-11-05 15:26:10.649486,0,0,0.000,0,0.000,0.000
2024-11-05 15:26:30.219623,0,0,0.000,0,0.000,0.000
2024-11-05 15:26:56.005663,0,0,0.000,0,0.000,0.000
2024-11-05 15:27:12.804190,0,0,0.000,0,0.000,0.000
2024-11-05 15:27:32.448984,0,0,0.000,0,0.000,0.000
2024-11-05 15:27:53.486382,0,0,0.000,0,0.000,0.000
2024-11-05 15:28:17.946108,0,0,0.000,0,0.000,0.000
2024-11-05 15:28:47.655455,0,0,0.000,0,0.000,0.000
2024-11-05 15:29:11.486077,0,0,0.000,0,0.000,0.000
2024-11-05 15:29:34.318306,0,0,0.000,0,0.000,0.000
2024-11-05 15:30:02.818336,0,0,0.000,0,0.000,0.000
2024-11-05 15:30:26.060589,0,0,0.000,0,0.000,0.000
2024-11-05 15:30:55.430117,0,0,0.000,0,0.000,0.000
2024-11-05 15:31:20.719547,0,0,0.000,0,0.000,0.000
2024-11-05 15:31:50.625838,0,0,0.000,0,0.000,0.000
2024-11-05 15:32:17.459028,0,0,0.000,0,0.000,0.000
2024-11-05 15:32:40.661156,0,0,0.000,0,0.000,0.000
2024-11-05 15:33:02.373181,0,0,0.000,0,0.000,0.000
2024-11-05 15:33:30.658405,0,0,0.000,0,0.000,0.000
2024-11-05 15:33:49.876731,0,0,0.000,0,0.000,0.000
2024-11-05 15:34:13.453765,0,0,0.000,0,0.000,0.000
2024-11-05 15:34:32.521891,0,0,0.000,0,0.000,0.000
2024-11-05 15:34:58.984765,0,0,0.000,0,0.000,0.000
2024-11-05 15:35:27.934230,0,0,0.000,0,0.000,0.000
2024-11-05 15:35:46.431787,0,0,0.000,0,0.000,0.000
2024-11-05 15:36:06.979589,0,0,0.000,0,0.000,0.000
2024-11-05 15:36:26.020901,0,0,0.000,0,0.000,0.000
2024-11-05 15:36:51.576342,0,0,0.000,0,0.000,0.000
2024-11-05 15:37:21.120493,0,0,0.000,0,0.000,0.000
2024-11-05 15:37:38.739825,0,0,0.000,0,0.000,0.000
2024-11-05 15:38:08.300052,0,0,0.000,0,0.000,0.000
2024-11-05 15:38:34.356080,0,0,0.000,0,0.000,0.000
2024-11-05 15:38:52.260782,0,0,0.000,0,0.000,0.000
2024-11-05 15:39:22.191777,0,0,0.000,0,0.000,0.000
2024-11-05 15:39:42.152162,0,0,0.000,0,0.000,0.000
2024-11-05 15:40:10.111699,0,0,0.000,0,0.000,0.000
2024-11-05 15:40:33.891414,0,0,0.000,0,0.000,0.000
2024-11-05 15:40:55.086145,0,0,0.000,0,0.000,0.000
2024-11-05 15:41:24.506236,0,0,0.000,0,0.000,0.000
2024-11-05 15:41:54.383686,0,0,0.000,0,0.000,0.000
2024-11-05 15:42:19.111356,0,0,0.000,0,0.000,0.000
2024-11-05 15:42:47.401190,0,0,0.000,0,0.000,0.000
2024-11-05 15:43:14.714096,0,0,0.000,0,0.000,0.000
2024-11-05 15:43:35.690864,0,0,0.000,0,0.000,0.000
2024-11-05 15:43:59.550590,0,0,0.000,0,0.000,0.000
2024-11-05 15:44:18.906016,0,0,0.000,0,0.000,0.000
2024-11-05 15:44:42.794830,0,0,0.000,0,0.000,0.000
2024-11-05 15:45:07.206773,0,0,0.000,0,0.000,0.000
2024-11-05 15:45:29.265798,0,0,0.000,0,0.000,0.000
2024-11-05 15:45:55.970445,0,0,0.000,0,0.000,0.000
2024-11-05 15:46:12.999582,0,0,0.000,0,0.000,0.000
2024-11-05 15:46:31.532373,0,0,0.000,0,0.000,0.000
2024-11-05 15:46:54.538840,0,0,0.000,0,0.000,0.000
2024-11-05 15:47:18.549885,0,0,0.000,0,0.000,0.000
2024-11-05 15:47:36.702904,0,0,0.000,0,0.000,0.000
2024-11-05 15:48:02.698848,0,0,0.000,0,0.000,0.000
2024-11-05 15:48:27.545212,0,0,0.000,0,0.000,0.000
2024-11-05 15:48:58.262630,0,0,0.000,0,0.000,0.000
2024-11-05 15:49:27.187767,0,0,0.000,0,0.000,0.000
2024-11-05 15:49:44.513884,0,0,0.000,0,0.000,0.000
2024-11-05 15:50:01.493108,0,0,0.000,0,0.000,0.000
2024-11-05 15:50:29.103881,0,0,0.000,0,0.000,0.000
2024-11-05 15:50:52.139948,0,0,0.000,0,0.000,0.000
2024-11-05 15:51:22.015904,0,0,0.000,0,0.000,0.000
2024-11-05 15:51:46.316929,0,0,0.000,0,0.000,0.000
2024-11-05 15:52:06.599248,0,0,0.000,0,0.000,0.000
2024-11-05 15:52:28.276811,0,0,0.000,0,0.000,0.000
2024-11-05 15:52:48.436564,0,0,0.000,0,0.000,0.000
2024-11-05 15:53:15.317301,0,0,0.000,0,0.000,0.000
2024-11-05 15:53:37.925645,0,0,0.000,0,0.000,0.000
2024-11-05 15:53:59.880555,0,0,0.000,0,0.000,0.000
2024-11-05 15:54:25.379325,0,0,0.000,0,0.000,0.000
2024-11-05 15:54:51.827092,0,0,0.000,0,0.000,0.000
2024-11-05 15:55:11.131880,0,0,0.000,0,0.000,0.000
2024-11-05 15:55:34.207288,0,0,0.000,0,0.000,0.000
2024-11-05 15:55:56.918384,0,0,0.000,0,0.000,0.000
2024-11-05 15:56:14.033355,0,0,0.000,0,0.000,0.000
2024-11-05 15:56:43.494018,0,0,0.000,0,0.000,0.000
2024-11-05 15:57:09.549040,0,0,0.000,0,0.000,0.000
2024-11-05 15:57:37.866719,0,0,0.000,0,0.000,0.000
2024-11-05 15:57:58.100647,0,0,0.000,0,0.000,0.000
2024-11-05 15:58:14.388030,0,0,0.000,0,0.000,0.000
2024-11-05 15:58:35.214649,0,0,0.000,0,0.000,0.000
2024-11-05 15:58:51.757256,0,0,0.000,0,0.000,0.000
2024-11-05 15:59:18.678105,0,0,0.000,0,0.000,0.000
2024-11-05 15:59:36.317711,0,0,0.000,0,0.000,0.000
2024-11-05 16:00:02.758088,0,0,0.000,0,0.000,0.000
2024-11-05 16:00:32.725063,0,0,0.000,0,0.000,0.000
2024-11-05 16:00:52.121960,0,0,0.000,0,0.000,0.000
2024-11-05 16:01:10.121431,0,0,0.000,0,0.000,0.000
2024-11-05 16:01:32.046341,0,0,0.000,0,0.000,0.000
2024-11-05 16:01:53.755157,0,0,0.000,0,0.000,0.000
2024-11-05 16:02:24.028563,0,0,0.000,0,0.000,0.000
2024-11-05 16:02:45.628038,0,0,0.000,0,0.000,0.000
2024-11-05 16:03:09.847451,0,0,0.000,0,0.000,0.000
2024-11-05 16:03:36.701608,0,0,0.000,0,0.000,0.000
2024-11-05 16:03:58.029990,0,0,0.000,0,0.000,0.000
2024-11-05 16:04:23.935387,0,0,0.000,0,0.000,0.000
2024-11-05 16:04:47.674650,0,0,0.000,0,0.000,0.000
2024-11-05 16:05:07.289363,0,0,0.000,0,0.000,0.000
2024-11-05 16:05:30.101112,0,0,0.000,0,0.000,0.000
2024-11-05 16:05:50.926758,0,0,0.000,0,0.000,0.000
2024-11-05 16:06:16.635596,0,0,0.000,0,0.000,0.000
2024-11-05 16:06:46.571473,0,0,0.000,0,0.000,0.000
2024-11-05 16:07:15.533634,0,0,0.000,0,0.000,0.000
2024-11-05 16:07:37.824621,0,0,0.000,0,0.000,0.000
2024-11-05 16:07:56.918017,0,0,0.000,0,0.000,0.000
2024-11-05 16:08:23.865380,0,0,0.000,0,0.000,0.000
2024-11-05 16:08:49.785759,0,0,0.000,0,0.000,0.000
2024-11-05 16:09:14.928645,0,0,0.000,0,0.000,0.000
2024-11-05 16:09:35.594969,0,0,0.000,0,0.000,0.000
2024-11-05 16:09:52.200005,0,0,0.000,0,0.000,0.000
2024-11-05 16:10:17.055919,0,0,0.000,0,0.000,0.000
2024-11-05 16:10:43.312138,0,0,0.000,0,0.000,0.000
2024-11-05 16:11:00.934913,0,0,0.000,0,0.000,0.000
2024-11-05 16:11:25.489683,0,0,0.000,0,0.000,0.000
2024-11-05 16:11:46.676141,0,0,0.000,0,0.000,0.000
2024-11-05 16:12:13.913481,0,0,0.000,0,0.000,0.000
2024-11-05 16:12:34.931302,0,0,0.000,0,0.000,0.000
2024-11-05 16:12:57.491520,0,0,0.000,0,0.000,0.000
2024-11-05 16:13:18.790454,0,0,0.000,0,0.000,0.000
2024-11-05 16:13:38.316,0,0,0.000,0,0.000,0.000
2024-11-05 16:13:59.894628,0,0,0.000,0,0.000,0.000
2024-11-05 16:14:23.011027,0,0,0.000,0,0.000,0.000
2024-11-05 16:14:51.354111,0,0,0.000,0,0.000,0.000
2024-11-05 16:16:26.665973,0,0,0.000,0,0.000,0.000
2024-11-05 16:16:51.129099,0,0,0.000,0,0.000,0.000
2024-11-05 16:17:10.400197,0,0,0.000,0,0.000,0.000
2024-11-05 16:17:27.520802,0,0,0.000,0,0.000,0.000
2024-11-05 16:17:54.941438,0,0,0.000,0,0.000,0.000
2024-11-05 16:18:11.674193,0,0,0.000,0,0.000,0.000
2024-11-05 16:18:33.360676,0,0,0.000,0,0.000,0.000
2024-11-05 16:18:54.185829,0,0,0.000,0,0.000,0.000
2024-11-05 16:19:10.836708,0,0,0.000,0,0.000,0.000
2024-11-05 16:19:28.373180,0,0,0.000,0,0.000,0.000
2024-11-05 16:19:56.309617,0,0,0.000,0,0.000,0.000
2024-11-05 16:20:14.954185,0,0,0.000,0,0.000,0.000
2024-11-05 16:20:42.049154,0,0,0.000,0,0.000,0.000
2024-11-05 16:21:09.224362,0,0,0.000,0,0.000,0.000
2024-11-05 16:21:38.871664,0,0,0.000,0,0.000,0.000
2024-11-05 16:21:59.241995,0,0,0.000,0,0.000,0.000
2024-11-05 16:22:20.276484,0,0,0.000,0,0.000,0.000
2024-11-05 16:22:43.247008,0,0,0.000,0,0.000,0.000
2024-11-05 16:23:07.227761,0,0,0.000,0,0.000,0.000
2024-11-05 16:23:29.819957,0,0,0.000,0,0.000,0.000
2024-11-05 16:23:50.830309,0,0,0.000,0,0.000,0.000
2024-11-05 16:24:08.669745,0,0,0.000,0,0.000,0.000
2024-11-05 16:24:33.620404,0,0,0.000,0,0.000,0.000
2024-11-05 16:24:56.573636,0,0,0.000,0,0.000,0.000
2024-11-05 16:25:23.921392,0,0,0.000,0,0.000,0.000
2024-11-05 16:25:51.943677,0,0,0.000,0,0.000,0.000
2024-11-05 16:26:08.753619,0,0,0.000,0,0.000,0.000
2024-11-05 16:26:33.864914,0,0,0.000,0,0.000,0.000
2024-11-05 16:26:58.354024,0,0,0.000,0,0.000,0.000
2024-11-05 16:27:19.443814,0,0,0.000,0,0.000,0.000
2024-11-05 16:27:43.102772,0,0,0.000,0,0.000,0.000
2024-11-05 16:28:00.657640,0,0,0.000,0,0.000,0.000
2024-11-05 16:28:16.920139,0,0,0.000,0,0.000,0.000
2024-11-05 16:28:39.240239,0,0,0.000,0,0.000,0.000
2024-11-05 16:28:55.614093,0,0,0.000,0,0.000,0.000
2024-11-05 16:29:22.998422,0,0,0.000,0,0.000,0.000
2024-11-05 16:29:44.530106,0,0,0.000,0,0.000,0.000
2024-11-05 16:30:09.747966,0,0,0.000,0,0.000,0.000
2024-11-05 16:30:38.697109,0,0,0.000,0,0.000,0.000
2024-11-05 16:31:01.537132,0,0,0.000,0,0.000,0.000
2024-11-05 16:31:30.077362,0,0,0.000,0,0.000,0.000
2024-11-05 16:31:48.826847,0,0,0.000,0,0.000,0.000
2024-11-05 16:32:10.897158,0,0,0.000,0,0.000,0.000
2024-11-05 16:32:36.540164,0,0,0.000,0,0.000,0.000
2024-11-05 16:32:59.130554,0,0,0.000,0,0.000,0.000
2024-11-05 16:33:19.746757,0,0,0.000,0,0.000,0.000
2024-11-05 16:33:48.904591,0,0,0.000,0,0.000,0.000
2024-11-05 16:34:09.216137,0,0,0.000,0,0.000,0.000
2024-11-05 16:34:38.654921,0,0,0.000,0,0.000,0.000
2024-11-05 16:34:56.864813,0,0,0.000,0,0.000,0.000
2024-11-05 16:35:27.539962,0,0,0.000,0,0.000,0.000
2024-11-05 16:35:56.579482,0,0,0.000,0,0.000,0.000
2024-11-05 16:36:19.154416,0,0,0.000,0,0.000,0.000
2024-11-05 16:36:50.241587,0,0,0.000,0,0.000,0.000
2024-11-05 16:37:07.759893,0,0,0.000,0,0.000,0.000
2024-11-05 16:37:28.117509,0,0,0.000,0,0.000,0.000
2024-11-05 16:37:55.632368,0,0,0.000,0,0.000,0.000
2024-11-05 16:38:26.408369,0,0,0.000,0,0.000,0.000
2024-11-05 16:38:48.058295,0,0,0.000,0,0.000,0.000
2024-11-05 16:39:07.667288,0,0,0.000,0,0.000,0.000
2024-11-05 16:39:32.879481,0,0,0.000,0,0.000,0.000
2024-11-05 16:39:51.265129,0,0,0.000,0,0.000,0.000
2024-11-05 16:40:21.061566,0,0,0.000,0,0.000,0.000
2024-11-05 16:40:47.766900,0,0,0.000,0,0.000,0.000
2024-11-05 16:41:07.776326,0,0,0.000,0,0.000,0.000
2024-11-05 16:41:29.425076,0,0,0.000,0,0.000,0.000
2024-11-05 16:41:52.461795,0,0,0.000,0,0.000,0.000
2024-11-05 16:42:16.755658,0,0,0.000,0,0.000,0.000
2024-11-05 16:42:37.394588,0,0,0.000,0,0.000,0.000
2024-11-05 16:43:03.709241,0,0,0.000,0,0.000,0.000
2024-11-05 16:43:27.927748,0,0,0.000,0,0.000,0.000
2024-11-05 16:43:49.151660,0,0,0.000,0,0.000,0.000
2024-11-05 16:44:10.012553,0,0,0.000,0,0.000,0.000
2024-11-05 16:44:35.740641,0,0,0.000,0,0.000,0.000
2024-11-05 16:45:04.372956,0,0,0.000,0,0.000,0.000
2024-11-05 16:45:33.359507,0,0,0.000,0,0.000,0.000
2024-11-05 16:45:51.548621,0,0,0.000,0,0.000,0.000
2024-11-05 16:46:21.294711,0,0,0.000,0,0.000,0.000
2024-11-05 16:46:45.023329,0,0,0.000,0,0.000,0.000
2024-11-05 16:48:18.507830,0,0,0.000,0,0.000,0.000
2024-11-05 16:48:42.435373,0,0,0.000,0,0.000,0.000
2024-11-05 16:49:00.583078,0,0,0.000,0,0.000,0.000
2024-11-05 16:49:25.358576,0,0,0.000,0,0.000,0.000
2024-11-05 16:49:47.134666,0,0,0.000,0,0.000,0.000
2024-11-05 16:50:17.554848,0,0,0.000,0,0.000,0.000
2024-11-05 16:50:40.401899,0,0,0.000,0,0.000,0.000
2024-11-05 16:51:04.294502,0,0,0.000,0,0.000,0.000
2024-11-05 16:51:26.473690,0,0,0.000,0,0.000,0.000
2024-11-05 16:51:46.069314,0,0,0.000,0,0.000,0.000
2024-11-05 16:52:05.207463,0,0,0.000,0,0.000,0.000
2024-11-05 16:52:28.695105,0,0,0.000,0,0.000,0.000
2024-11-05 16:52:54.153403,0,0,0.000,0,0.000,0.000
2024-11-05 16:53:22.425056,0,0,0.000,0,0.000,0.000
2024-11-05 16:53:43.404860,0,0,0.000,0,0.000,0.000
2024-11-05 16:54:03.392582,0,0,0.000,0,0.000,0.000
2024-11-05 16:54:31.036633,0,0,0.000,0,0.000,0.000
2024-11-05 16:54:56.640291,0,0,0.000,0,0.000,0.000
2024-11-05 16:55:23.521441,0,0,0.000,0,0.000,0.000
2024-11-05 16:55:53.288088,0,0,0.000,0,0.000,0.000
2024-11-05 16:56:12.836053,0,0,0.000,0,0.000,0.000
2024-11-05 16:56:29.024770,0,0,0.000,0,0.000,0.000
2024-11-05 16:56:52.145287,0,0,0.000,0,0.000,0.000
2024-11-05 16:57:13.798413,0,0,0.000,0,0.000,0.000
2024-11-05 16:57:36.185303,0,0,0.000,0,0.000,0.000
2024-11-05 16:58:00.042490,0,0,0.000,0,0.000,0.000
2024-11-05 16:58:19.021501,0,0,0.000,0,0.000,0.000
2024-11-05 16:58:40.864954,0,0,0.000,0,0.000,0.000
2024-11-05 16:59:05.861895,0,0,0.000,0,0.000,0.000
2024-11-05 16:59:35.532533,0,0,0.000,0,0.000,0.000
2024-11-05 16:59:56.986286,0,0,0.000,0,0.000,0.000
2024-11-05 17:00:23.629540,0,0,0.000,0,0.000,0.000
2024-11-05 17:00:52.317095,0,0,0.000,0,0.000,0.000
2024-11-05 17:01:25.095624,0,0,0.000,0,0.000,0.000
2024-11-05 17:01:55.488843,0,0,0.000,0,0.000,0.000
2024-11-05 17:02:20.688003,0,0,0.000,0,0.000,0.000
2024-11-05 17:02:39.283648,0,0,0.000,0,0.000,0.000
2024-11-05 17:02:58.918460,0,0,0.000,0,0.000,0.000
2024-11-05 17:03:21.809873,0,0,0.000,0,0.000,0.000
2024-11-05 17:03:46.740351,0,0,0.000,0,0.000,0.000
2024-11-05 17:04:09.327584,0,0,0.000,0,0.000,0.000
2024-11-05 17:04:40.078482,0,0,0.000,0,0.000,0.000
2024-11-05 17:05:04.301721,0,0,0.000,0,0.000,0.000
2024-11-05 17:05:28.263069,0,0,0.000,0,0.000,0.000
2024-11-05 17:05:53.267527,0,0,0.000,0,0.000,0.000
2024-11-05 17:06:14.131253,0,0,0.000,0,0.000,0.000
2024-11-05 17:06:36.919484,0,0,0.000,0,0.000,0.000
2024-11-05 17:07:00.606400,0,0,0.000,0,0.000,0.000
2024-11-05 17:07:26.288246,0,0,0.000,0,0.000,0.000
2024-11-05 17:07:49.596638,0,0,0.000,0,0.000,0.000
2024-11-05 17:08:17.926680,0,0,0.000,0,0.000,0.000
2024-11-05 17:08:35.556875,0,0,0.000,0,0.000,0.000
2024-11-05 17:09:05.974341,0,0,0.000,0,0.000,0.000
2024-11-05 17:09:31.478272,0,0,0.000,0,0.000,0.000
2024-11-05 17:09:50.669503,0,0,0.000,0,0.000,0.000
2024-11-05 17:10:07.738083,0,0,0.000,0,0.000,0.000
2024-11-05 17:10:36.676839,0,0,0.000,0,0.000,0.000
2024-11-05 17:11:10.985996,0,0,0.000,0,0.000,0.000
2024-11-05 17:11:33.230105,0,0,0.000,0,0.000,0.000
2024-11-05 17:11:55.372571,0,0,0.000,0,0.000,0.000
2024-11-05 17:12:17.479946,0,0,0.000,0,0.000,0.000
2024-11-05 17:12:33.944792,0,0,0.000,0,0.000,0.000
2024-11-05 17:12:54.833464,0,0,0.000,0,0.000,0.000
2024-11-05 17:13:19.655631,0,0,0.000,0,0.000,0.000
2024-11-05 17:13:40.930858,0,0,0.000,0,0.000,0.000
2024-11-05 17:14:08.825133,0,0,0.000,0,0.000,0.000
2024-11-05 17:14:33.317555,0,0,0.000,0,0.000,0.000
2024-11-05 17:14:53.529208,0,0,0.000,0,0.000,0.000
2024-11-05 17:15:17.953086,0,0,0.000,0,0.000,0.000
2024-11-05 17:15:43.130238,0,0,0.000,0,0.000,0.000
2024-11-05 17:16:08.661241,0,0,0.000,0,0.000,0.000
2024-11-05 17:16:41.821838,0,0,0.000,0,0.000,0.000
2024-11-05 17:17:06.449976,0,0,0.000,0,0.000,0.000
2024-11-05 17:17:26.315486,0,0,0.000,0,0.000,0.000
2024-11-05 17:17:45.824360,0,0,0.000,0,0.000,0.000
2024-11-05 17:18:07.243699,0,0,0.000,0,0.000,0.000
2024-11-05 17:18:32.508925,0,0,0.000,0,0.000,0.000
2024-11-05 17:18:51.971917,0,0,0.000,0,0.000,0.000
2024-11-05 17:19:16.977551,0,0,0.000,0,0.000,0.000
2024-11-05 17:19:48.156066,0,0,0.000,0,0.000,0.000
2024-11-05 17:20:14.770161,0,0,0.000,0,0.000,0.000
2024-11-05 17:20:33.485399,0,0,0.000,0,0.000,0.000
2024-11-05 17:20:56.709578,0,0,0.000,0,0.000,0.000
2024-11-05 17:21:18.639222,0,0,0.000,0,0.000,0.000
2024-11-05 17:21:49.949189,0,0,0.000,0,0.000,0.000
2024-11-05 17:22:18.283082,0,0,0.000,0,0.000,0.000
2024-11-05 17:22:49.449251,0,0,0.000,0,0.000,0.000
2024-11-05 17:23:18.810968,0,0,0.000,0,0.000,0.000
2024-11-05 17:23:42.541866,0,0,0.000,0,0.000,0.000
2024-11-05 17:24:10.078162,0,0,0.000,0,0.000,0.000
2024-11-05 17:24:34.390738,0,0,0.000,0,0.000,0.000
2024-11-05 17:24:53.510884,0,0,0.000,0,0.000,0.000
2024-11-05 17:25:26.312632,0,0,0.000,0,0.000,0.000
2024-11-05 17:25:50.846526,0,0,0.000,0,0.000,0.000
2024-11-05 17:26:18.969431,0,0,0.000,0,0.000,0.000
2024-11-05 17:26:44.485285,0,0,0.000,0,0.000,0.000
2024-11-05 17:27:15.189436,0,0,0.000,0,0.000,0.000
2024-11-05 17:27:42.299052,0,0,0.000,0,0.000,0.000
2024-11-05 17:28:07.902022,0,0,0.000,0,0.000,0.000
2024-11-05 17:28:32.029159,0,0,0.000,0,0.000,0.000
2024-11-05 17:28:54.623258,0,0,0.000,0,0.000,0.000
2024-11-05 17:29:25.398049,0,0,0.000,0,0.000,0.000
2024-11-05 17:29:54.531594,0,0,0.000,0,0.000,0.000
2024-11-05 17:30:27.257968,0,0,0.000,0,0.000,0.000
2024-11-05 17:30:52.746060,0,0,0.000,0,0.000,0.000
2024-11-05 17:31:10.192410,0,0,0.000,0,0.000,0.000
2024-11-05 17:31:47.543219,0,0,0.000,0,0.000,0.000
2024-11-05 17:32:15.461509,0,0,0.000,0,0.000,0.000
2024-11-05 17:32:47.353185,0,0,0.000,0,0.000,0.000
2024-11-05 17:33:24.356111,0,0,0.000,0,0.000,0.000
2024-11-05 17:33:49.835068,0,0,0.000,0,0.000,0.000
2024-11-05 17:34:24.363083,0,0,0.000,0,0.000,0.000
2024-11-05 17:35:00.401603,0,0,0.000,0,0.000,0.000
2024-11-05 17:35:32.922440,0,0,0.000,0,0.000,0.000
2024-11-05 17:36:06.667949,0,0,0.000,0,0.000,0.000
2024-11-05 17:36:38.620464,0,0,0.000,0,0.000,0.000
2024-11-05 17:37:06.037235,0,0,0.000,0,0.000,0.000
2024-11-05 17:37:38.470370,0,0,0.000,0,0.000,0.000
2024-11-05 17:38:11.463319,0,0,0.000,0,0.000,0.000
2024-11-05 17:38:34.144360,0,0,0.000,0,0.000,0.000
2024-11-05 17:39:01.798334,0,0,0.000,0,0.000,0.000
2024-11-05 17:39:28.976582,0,0,0.000,0,0.000,0.000
2024-11-05 17:39:57.306111,0,0,0.000,0,0.000,0.000
2024-11-05 17:40:19.707373,0,0,0.000,0,0.000,0.000
2024-11-05 17:40:57.741345,0,0,0.000,0,0.000,0.000
2024-11-05 17:41:28.991376,0,0,0.000,0,0.000,0.000
2024-11-05 17:42:00.023131,0,0,0.000,0,0.000,0.000
2024-11-05 17:42:32.191862,0,0,0.000,0,0.000,0.000
2024-11-05 17:43:04.359482,0,0,0.000,0,0.000,0.000
2024-11-05 17:43:40.769609,0,0,0.000,0,0.000,0.000
2024-11-05 17:44:07.768133,0,0,0.000,0,0.000,0.000
2024-11-05 17:44:35.348115,0,0,0.000,0,0.000,0.000
2024-11-05 17:45:02.684481,0,0,0.000,0,0.000,0.000
2024-11-05 17:45:34.256707,0,0,0.000,0,0.000,0.000
2024-11-05 17:46:02.348207,0,0,0.000,0,0.000,0.000
2024-11-05 17:46:31.830612,0,0,0.000,0,0.000,0.000
2024-11-05 17:46:56.351284,0,0,0.000,0,0.000,0.000
2024-11-05 17:47:23.649668,0,0,0.000,0,0.000,0.000
2024-11-05 17:47:44.567178,0,0,0.000,0,0.000,0.000
2024-11-05 17:48:13.834359,0,0,0.000,0,0.000,0.000
2024-11-05 17:48:42.189345,0,0,0.000,0,0.000,0.000
2024-11-05 17:49:13.589353,0,0,0.000,0,0.000,0.000
2024-11-05 17:49:41.301235,0,0,0.000,0,0.000,0.000
2024-11-05 17:50:10.821557,0,0,0.000,0,0.000,0.000
2024-11-05 17:50:35.289599,0,0,0.000,0,0.000,0.000
2024-11-05 17:51:02.854054,0,0,0.000,0,0.000,0.000
2024-11-05 17:51:33.800709,0,0,0.000,0,0.000,0.000
2024-11-05 17:52:02.491450,0,0,0.000,0,0.000,0.000
2024-11-05 17:52:31.123557,0,0,0.000,0,0.000,0.000
2024-11-05 17:53:04.582143,0,0,0.000,0,0.000,0.000
2024-11-05 17:53:38.242051,0,0,0.000,0,0.000,0.000
2024-11-05 17:54:06.089666,0,0,0.000,0,0.000,0.000
2024-11-05 17:54:36.794083,0,0,0.000,0,0.000,0.000
2024-11-05 17:55:11.162223,0,0,0.000,0,0.000,0.000
2024-11-05 17:55:34.809902,0,0,0.000,0,0.000,0.000
2024-11-05 17:55:58.955650,0,0,0.000,0,0.000,0.000
2024-11-05 17:56:29.524772,0,0,0.000,0,0.000,0.000
2024-11-05 17:56:59.250248,0,0,0.000,0,0.000,0.000
2024-11-05 17:57:26.406878,0,0,0.000,0,0.000,0.000
2024-11-05 17:57:52.802610,0,0,0.000,0,0.000,0.000
2024-11-05 17:58:22.014300,0,0,0.000,0,0.000,0.000
2024-11-05 17:58:48.184394,0,0,0.000,0,0.000,0.000
2024-11-05 17:59:19.177780,0,0,0.000,0,0.000,0.000
2024-11-05 17:59:51.097006,0,0,0.000,0,0.000,0.000
2024-11-05 18:00:27.239127,0,0,0.000,0,0.000,0.000
2024-11-05 18:02:12.009834,0,0,0.000,0,0.000,0.000
2024-11-05 18:02:41.713614,0,0,0.000,0,0.000,0.000
2024-11-05 18:03:13.743996,0,0,0.000,0,0.000,0.000
2024-11-05 18:03:47.756173,0,0,0.000,0,0.000,0.000
2024-11-05 18:04:14.876657,0,0,0.000,0,0.000,0.000
2024-11-05 18:04:47.816183,0,0,0.000,0,0.000,0.000
2024-11-05 18:05:12.745664,0,0,0.000,0,0.000,0.000
2024-11-05 18:05:42.994496,0,0,0.000,0,0.000,0.000
2024-11-05 18:06:16.554499,0,0,0.000,0,0.000,0.000
2024-11-05 18:06:50.114016,0,0,0.000,0,0.000,0.000
2024-11-05 18:07:22.170214,0,0,0.000,0,0.000,0.000
2024-11-05 18:07:54.802685,0,0,0.000,0,0.000,0.000
2024-11-05 18:08:25.957995,0,0,0.000,0,0.000,0.000
2024-11-05 18:09:01.973140,0,0,0.000,0,0.000,0.000
2024-11-05 18:09:33.442388,0,0,0.000,0,0.000,0.000
2024-11-05 18:10:04.781343,0,0,0.000,0,0.000,0.000
2024-11-05 18:10:38.168981,0,0,0.000,0,0.000,0.000
2024-11-05 18:11:07.673110,0,0,0.000,0,0.000,0.000
2024-11-05 18:11:33.794098,0,0,0.000,0,0.000,0.000
2024-11-05 18:12:02.477230,0,0,0.000,0,0.000,0.000
2024-11-05 18:12:30.486649,0,0,0.000,0,0.000,0.000
2024-11-05 18:13:02.531905,0,0,0.000,0,0.000,0.000
2024-11-05 18:13:28.186129,0,0,0.000,0,0.000,0.000
2024-11-05 18:14:04.646844,0,0,0.000,0,0.000,0.000
2024-11-05 18:14:37.117956,0,0,0.000,0,0.000,0.000
2024-11-05 18:15:03.027975,0,0,0.000,0,0.000,0.000
2024-11-05 18:15:29.789465,0,0,0.000,0,0.000,0.000
2024-11-05 18:16:04.399824,0,0,0.000,0,0.000,0.000
2024-11-05 18:16:32.839410,0,0,0.000,0,0.000,0.000
2024-11-05 18:17:02.358114,0,0,0.000,0,0.000,0.000
2024-11-05 18:17:34.770512,0,0,0.000,0,0.000,0.000
2024-11-05 18:18:08.727672,0,0,0.000,0,0.000,0.000
2024-11-05 18:18:42.897243,0,0,0.000,0,0.000,0.000
2024-11-05 18:19:11.690913,0,0,0.000,0,0.000,0.000
2024-11-05 18:19:43.212840,0,0,0.000,0,0.000,0.000
2024-11-05 18:20:08.597556,0,0,0.000,0,0.000,0.000
2024-11-05 18:20:32.209979,0,0,0.000,0,0.000,0.000
2024-11-05 18:20:59.690281,0,0,0.000,0,0.000,0.000
2024-11-05 18:21:34.092683,0,0,0.000,0,0.000,0.000
2024-11-05 18:22:02.555801,0,0,0.000,0,0.000,0.000
2024-11-05 18:22:36.669699,0,0,0.000,0,0.000,0.000
2024-11-05 18:23:11.379130,0,0,0.000,0,0.000,0.000
2024-11-05 18:23:42.077698,0,0,0.000,0,0.000,0.000
2024-11-05 19:03:40.873758,17203,10,60.500,6,39.000,74.600
2024-11-05 19:04:16.696382,17203,10,60.500,6,39.000,74.600
2024-11-05 19:04:48.825317,17203,10,60.500,6,39.000,74.600
2024-11-05 19:05:25.877260,17203,10,60.500,6,39.000,74.600
2024-11-05 19:05:56.198203,17203,10,60.500,6,39.000,74.600
2024-11-05 19:06:34.267859,17203,10,60.500,6,39.000,74.600
2024-11-05 19:10:29.192937,19455,11,60.500,7,39.000,84.400
2024-11-05 19:11:53.713202,19455,11,60.500,7,39.000,84.400
2024-11-05 19:12:57.050358,19455,11,60.500,7,39.000,84.400
2024-11-05 19:13:45.378211,19455,11,60.500,7,39.000,84.400
2024-11-05 19:14:28.815680,19455,11,60.500,7,39.000,84.400
2024-11-05 19:15:23.738961,19455,11,60.500,7,39.000,84.400
2024-11-05 19:16:22.384565,19455,11,60.500,7,39.000,84.400
2024-11-05 19:17:41.642803,19455,11,60.500,7,39.000,84.400
2024-11-05 19:18:36.025789,19455,11,60.500,7,39.000,84.400
2024-11-05 19:19:17.257126,19455,11,60.500,7,39.000,84.400
2024-11-05 19:19:47.331315,19455,11,60.500,7,39.000,84.400
2024-11-05 19:20:43.713586,19455,11,60.500,7,39.000,84.400
2024-11-05 19:21:37.956106,19455,11,60.500,7,39.000,84.400
2024-11-05 19:22:15.244779,19455,11,60.500,7,39.000,84.400
2024-11-05 19:22:53.051163,19455,11,60.500,7,39.000,84.400
2024-11-05 19:23:46.837416,19455,11,60.500,7,39.000,84.400
2024-11-05 19:24:27.386525,21368,11,60.500,7,39.000,92.700
2024-11-05 19:25:18.664292,21368,11,60.500,7,39.000,92.700
2024-11-05 19:26:11.325101,21368,11,60.500,7,39.000,92.700
2024-11-05 19:27:00.449846,21368,11,60.500,7,39.000,92.700
2024-11-05 19:27:45.918884,21368,11,60.500,7,39.000,92.700
2024-11-05 19:28:29.378569,21368,11,60.500,7,39.000,92.700
2024-11-05 19:29:01.358619,21368,11,60.500,7,39.000,92.700
2024-11-05 19:29:32.024096,21368,11,60.500,7,39.000,92.700
2024-11-05 19:30:03.585340,21368,11,60.500,7,39.000,92.700
2024-11-05 19:30:40.796737,21368,11,60.500,7,39.000,92.700
2024-11-05 19:31:12.958587,21368,11,60.500,7,39.000,92.700
2024-11-05 19:31:42.730684,21368,11,60.500,7,39.000,92.700
2024-11-05 19:32:17.717122,21368,11,60.500,7,39.000,92.700
2024-11-05 19:32:54.630795,21368,11,60.500,7,39.000,92.700
2024-11-05 19:33:52.718260,21368,11,60.500,7,39.000,92.700
2024-11-05 19:34:30.507195,21368,11,60.500,7,39.000,92.700
2024-11-05 19:35:12.647446,21368,11,60.500,7,39.000,92.700
2024-11-05 19:35:56.174903,21368,11,60.500,7,39.000,92.700
2024-11-05 19:36:36.592412,21368,11,60.500,7,39.000,92.700
2024-11-05 19:37:07.404148,21368,11,60.500,7,39.000,92.700
2024-11-05 19:37:35.848273,21368,11,60.500,7,39.000,92.700
2024-11-05 19:38:22.001938,21368,11,60.500,7,39.000,92.700
2024-11-05 19:39:03.704369,21368,11,60.500,7,39.000,92.700
2024-11-05 19:39:57.501960,21368,11,60.500,7,39.000,92.700
2024-11-05 19:40:47.041932,21368,11,60.500,7,39.000,92.700
2024-11-05 19:42:19.455389,21368,11,60.500,7,39.000,92.700
2024-11-05 19:43:38.902943,21368,11,60.500,7,39.000,92.700
2024-11-05 19:44:08.643082,21368,12,58.900,8,40.600,92.700
2024-11-05 19:44:55.509001,21368,12,58.900,8,40.600,92.700
2024-11-05 19:45:38.078989,21368,12,58.900,8,40.600,92.700
2024-11-05 19:46:09.786227,21368,12,58.900,8,40.600,92.700
2024-11-05 19:46:50.356970,21368,12,58.900,8,40.600,92.700
2024-11-05 19:47:28.680976,21368,12,58.900,8,40.600,92.700
2024-11-05 19:48:06.162930,21368,12,58.900,8,40.600,92.700
2024-11-05 19:49:06.128195,22995,13,58.400,9,41.000,95.000
2024-11-05 19:49:38.408438,22995,13,58.400,9,41.000,95.000
2024-11-05 19:50:14.262899,22995,13,58.400,9,41.000,95.000
2024-11-05 19:50:52.012513,22995,13,58.400,9,41.000,95.000
2024-11-05 19:51:33.463835,22995,13,58.400,9,41.000,95.000
2024-11-05 19:52:10.980403,22995,13,58.400,9,41.000,95.000
2024-11-05 19:52:49.808723,22995,13,58.400,9,41.000,95.000
2024-11-05 19:53:28.751215,22995,13,58.400,9,41.000,95.000
2024-11-05 19:54:10.689865,22995,13,58.400,9,41.000,95.000
2024-11-05 19:54:51.836063,22995,13,58.400,9,41.000,95.000
2024-11-05 19:55:24.458695,22995,13,58.400,9,41.000,95.000
2024-11-05 19:56:05.404082,22995,13,58.400,9,41.000,95.000
2024-11-05 19:56:45.378202,22995,13,58.400,9,41.000,95.000
2024-11-05 19:57:29.567151,22995,13,58.400,9,41.000,95.000
2024-11-05 19:58:09.495674,22995,13,58.400,9,41.000,95.000
2024-11-05 19:58:51.966069,22995,13,58.400,9,41.000,95.000
2024-11-05 20:11:50.335498,22995,13,58.400,9,41.000,95.000
2024-11-05 20:12:17.220953,22995,13,58.400,9,41.000,95.000
2024-11-05 20:12:47.858928,22995,13,58.400,9,41.000,95.000
2024-11-05 20:13:16.861551,22995,13,58.400,9,41.000,95.000
2024-11-05 20:13:45.158033,22995,13,58.400,9,41.000,95.000
2024-11-05 20:14:14.620644,22995,13,58.400,9,41.000,95.000
2024-11-05 20:14:54.529177,22995,13,58.400,9,41.000,95.000
2024-11-05 20:15:32.517592,22995,13,58.400,9,41.000,95.000
2024-11-05 20:16:09.122842,22995,13,58.400,9,41.000,95.000
2024-11-05 20:16:45.113235,22995,13,58.400,9,41.000,95.000
2024-11-05 20:17:17.920745,22995,13,58.400,9,41.000,95.000
2024-11-05 20:17:59.407642,22995,13,58.400,9,41.000,95.000
2024-11-05 20:18:38.546861,22995,13,58.400,9,41.000,95.000
2024-11-05 20:19:05.970840,22995,13,58.400,9,41.000,95.000
2024-11-05 20:19:50.712137,22995,13,58.400,9,41.000,95.000
2024-11-05 20:20:29.167222,22995,13,58.400,9,41.000,95.000
2024-11-05 20:21:08.037688,22995,13,58.400,9,41.000,95.000
2024-11-05 20:21:45.092426,22995,13,58.400,9,41.000,95.000
2024-11-05 20:22:22.298094,22995,13,58.400,9,41.000,95.000
2024-11-05 20:23:03.132731,22995,13,58.400,9,41.000,95.000
2024-11-05 20:23:33.789474,22995,13,58.400,9,41.000,95.000
2024-11-05 20:24:10.465842,22995,13,58.400,9,41.000,95.000
2024-11-05 20:24:50.842607,22995,13,58.400,9,41.000,95.000
2024-11-05 20:25:18.500880,22995,13,58.400,9,41.000,95.000
2024-11-05 20:25:51.556114,22995,13,58.400,9,41.000,95.000
2024-11-05 20:26:37.076441,22995,13,58.400,9,41.000,95.000
2024-11-05 20:27:07.973204,22995,13,58.400,9,41.000,95.000
2024-11-05 20:27:49.351291,22995,13,58.400,9,41.000,95.000
2024-11-05 20:28:23.967685,22995,13,58.400,9,41.000,95.000
2024-11-05 20:29:08.718339,22995,13,58.400,9,41.000,95.000
2024-11-05 20:29:53.395090,22995,13,58.400,9,41.000,95.000
2024-11-05 20:30:26.297699,22995,13,58.400,9,41.000,95.000
2024-11-05 20:31:04.665866,22995,13,58.400,9,41.000,95.000
2024-11-05 20:31:36.925351,22995,13,58.400,9,41.000,95.000
2024-11-05 20:32:09.945168,22995,13,58.400,9,41.000,95.000
2024-11-05 20:32:42.715509,22995,13,58.400,9,41.000,95.000
2024-11-05 20:33:18.939168,22995,13,58.400,9,41.000,95.000
2024-11-05 20:33:53.303043,22995,13,58.400,9,41.000,95.000
2024-11-05 20:34:24.834312,22995,13,58.400,9,41.000,95.000
2024-11-05 20:34:59.414794,22995,13,58.400,9,41.000,95.000
2024-11-05 20:59:17.474795,22995,13,58.400,9,41.000,95.000
2024-11-05 21:00:07.341979,22995,13,58.400,9,41.000,95.000
2024-11-05 21:00:51.801961,22995,13,58.400,9,41.000,95.000
2024-11-05 21:01:20.048496,22995,13,58.400,9,41.000,95.000
2024-11-05 21:01:51.804643,22995,13,58.400,9,41.000,95.000
2024-11-05 21:02:20.367457,22995,13,58.400,9,41.000,95.000
2024-11-05 21:03:02.031937,22995,13,58.400,9,41.000,95.000
2024-11-05 21:03:30.922806,22995,13,58.400,9,41.000,95.000
2024-11-05 21:04:13.316937,22995,13,58.400,9,41.000,95.000
2024-11-05 21:04:52.119597,22995,13,58.400,9,41.000,95.000
2024-11-05 21:05:22.240342,22995,13,58.400,9,41.000,95.000
2024-11-05 21:06:03.360881,22995,13,58.400,9,41.000,95.000
2024-11-05 21:06:37.851439,22995,13,58.400,9,41.000,95.000
2024-11-05 21:07:05.505095,22995,13,58.400,9,41.000,95.000
2024-11-05 21:07:41.020519,22995,13,58.400,9,41.000,95.000
2024-11-05 21:08:11.280775,22995,13,58.400,9,41.000,95.000
2024-11-05 21:08:36.589952,22995,13,58.400,9,41.000,95.000
2024-11-05 21:09:08.368231,22995,13,58.400,9,41.000,95.000
2024-11-05 21:09:42.458233,22995,13,58.400,9,41.000,95.000
2024-11-05 21:10:24.510950,22995,13,58.400,9,41.000,95.000
2024-11-05 21:10:50.839164,22995,13,58.400,9,41.000,95.000
2024-11-05 21:11:17.828110,22995,13,58.400,9,41.000,95.000
2024-11-05 21:11:45.177618,22995,13,58.400,9,41.000,95.000
2024-11-05 21:12:20.710271,22995,13,58.400,9,41.000,95.000
2024-11-05 21:12:55.365012,22995,13,58.400,9,41.000,95.000
2024-11-05 21:13:34.513948,22995,13,58.400,9,41.000,95.000
2024-11-05 21:14:10.254789,22995,13,58.400,9,41.000,95.000
2024-11-05 21:14:36.134223,22995,13,58.400,9,41.000,95.000
2024-11-05 21:15:13.646015,22995,13,58.400,9,41.000,95.000
2024-11-05 21:15:52.643741,22995,13,58.400,9,41.000,95.000
2024-11-05 21:16:26.579445,22995,13,58.400,9,41.000,95.000
2024-11-05 21:16:54.432724,22995,13,58.400,9,41.000,95.000
2024-11-05 21:17:33.861744,22995,13,58.400,9,41.000,95.000
2024-11-05 21:44:13.854027,22995,13431,58.400,9436,41.000,95.000
2024-11-05 21:44:44.401034,22995,13431,58.400,9436,41.000,95.000
2024-11-05 21:45:18.018156,22995,13431,58.400,9436,41.000,95.000
2024-11-05 21:45:51.619265,22995,13431,58.400,9436,41.000,95.000
2024-11-05 21:46:16.782837,22995,13431,58.400,9436,41.000,95.000
2024-11-05 21:46:50.103804,22995,13431,58.400,9436,41.000,95.000
2024-11-05 21:47:20.006245,22995,13431,58.400,9436,41.000,95.000
2024-11-05 21:47:42.096364,22995,13431,58.400,9436,41.000,95.000
2024-11-05 21:48:06.567924,22995,13431,58.400,9436,41.000,95.000
2024-11-05 21:48:36.732276,22995,13431,58.400,9436,41.000,95.000
2024-11-05 21:49:04.292586,22995,13431,58.400,9436,41.000,95.000
2024-11-05 21:49:36.955688,22995,13431,58.400,9436,41.000,95.000
2024-11-05 21:50:07.970056,22995,13431,58.400,9436,41.000,95.000
2024-11-05 21:50:39.312592,22995,13431,58.400,9436,41.000,95.000
2024-11-05 21:51:13.041378,22995,13431,58.400,9436,41.000,95.000
2024-11-05 21:51:48.259490,22995,13431,58.400,9436,41.000,95.000
2024-11-05 21:52:19.451933,22995,13431,58.400,9436,41.000,95.000
2024-11-05 21:52:46.765991,22995,13431,58.400,9436,41.000,95.000
2024-11-05 21:53:23.952880,22995,13431,58.400,9436,41.000,95.000
2024-11-05 21:54:01.385481,22995,13431,58.400,9436,41.000,95.000
2024-11-05 21:54:37.373816,22995,13431,58.400,9436,41.000,95.000
2024-11-05 21:55:08.659039,22995,13431,58.400,9436,41.000,95.000
2024-11-05 21:55:42.003391,22995,13431,58.400,9436,41.000,95.000
2024-11-05 21:56:12.814488,22995,13431,58.400,9436,41.000,95.000
2024-11-05 21:56:41.389108,22995,13431,58.400,9436,41.000,95.000
2024-11-05 21:57:13.823923,22995,13431,58.400,9436,41.000,95.000
2024-11-05 21:57:36.179179,22995,13431,58.400,9436,41.000,95.000
2024-11-05 21:57:57.187184,22995,13431,58.400,9436,41.000,95.000
2024-11-05 21:58:21.331201,22995,13431,58.400,9436,41.000,95.000
2024-11-05 21:58:49.076079,22995,13431,58.400,9436,41.000,95.000
2024-11-05 21:59:21.754710,22995,13431,58.400,9436,41.000,95.000
2024-11-05 21:59:51.607451,22995,13431,58.400,9436,41.000,95.000
2024-11-05 22:00:23.529451,22995,13431,58.400,9436,41.000,95.000
2024-11-05 22:00:53.412168,22995,13431,58.400,9436,41.000,95.000
2024-11-05 22:01:16.791237,22995,13431,58.400,9436,41.000,95.000
2024-11-05 22:01:41.565416,22995,13431,58.400,9436,41.000,95.000
2024-11-05 22:02:07.126094,22995,13431,58.400,9436,41.000,95.000
2024-11-05 22:02:33.851063,22995,13431,58.400,9436,41.000,95.000
2024-11-05 22:03:02.229046,22995,13431,58.400,9436,41.000,95.000
2024-11-05 22:03:37.523743,22995,13431,58.400,9436,41.000,95.000
2024-11-05 22:04:06.090488,22995,13431,58.400,9436,41.000,95.000
2024-11-05 22:04:42.850921,22995,13431,58.400,9436,41.000,95.000
2024-11-05 22:05:15.397449,22995,13431,58.400,9436,41.000,95.000
2024-11-05 22:05:43.826468,22995,13431,58.400,9436,41.000,95.000
2024-11-05 22:06:10.244833,22995,13431,58.400,9436,41.000,95.000
2024-11-05 22:06:43.461829,22995,13431,58.400,9436,41.000,95.000
2024-11-05 22:07:10.779469,22995,13431,58.400,9436,41.000,95.000
2024-11-05 22:07:44.564773,22995,13431,58.400,9436,41.000,95.000
2024-11-05 22:08:18.423119,22995,13431,58.400,9436,41.000,95.000
2024-11-05 22:08:54.306008,22995,13431,58.400,9436,41.000,95.000
2024-11-05 22:09:21.810944,22995,13431,58.400,9436,41.000,95.000
2024-11-05 22:09:57.655354,22995,13431,58.400,9436,41.000,95.000
2024-11-05 22:10:25.314880,22995,13431,58.400,9436,41.000,95.000
2024-11-05 22:10:52.503206,22995,13431,58.400,9436,41.000,95.000
2024-11-05 22:11:23.701024,22995,13431,58.400,9436,41.000,95.000
2024-11-05 22:11:53.620348,22995,13431,58.400,9436,41.000,95.000
2024-11-05 22:12:28.829045,22995,13431,58.400,9436,41.000,95.000
2024-11-05 22:13:08.796451,22995,13431,58.400,9436,41.000,95.000
2024-11-05 22:13:38.368686,22995,13431,58.400,9436,41.000,95.000
2024-11-05 22:14:04.016559,22995,13431,58.400,9436,41.000,95.000
2024-11-05 22:14:38.132255,22995,13431,58.400,9436,41.000,95.000
2024-11-05 22:14:58.881384,22995,13431,58.400,9436,41.000,95.000
2024-11-05 22:15:23.083444,22995,13431,58.400,9436,41.000,95.000
2024-11-05 22:15:57.073187,22995,13431,58.400,9436,41.000,95.000
2024-11-05 22:16:24.519765,22995,13431,58.400,9436,41.000,95.000
2024-11-05 22:16:54.865413,22995,13431,58.400,9436,41.000,95.000
2024-11-05 22:17:26.176051,22995,13431,58.400,9436,41.000,95.000
2024-11-05 22:17:50.264045,22995,13431,58.400,9436,41.000,95.000
2024-11-05 22:18:28.024292,22995,13431,58.400,9436,41.000,95.000
2024-11-05 22:19:03.836520,22995,13431,58.400,9436,41.000,95.000
2024-11-05 22:19:41.518388,22995,13431,58.400,9436,41.000,95.000
2024-11-05 22:20:19.052407,22995,13431,58.400,9436,41.000,95.000
2024-11-05 22:20:56.386048,22995,13431,58.400,9436,41.000,95.000
2024-11-05 22:21:24.575118,22995,13431,58.400,9436,41.000,95.000
2024-11-05 22:22:05.044317,22995,13431,58.400,9436,41.000,95.000
2024-11-05 22:22:42.668597,22995,13431,58.400,9436,41.000,95.000
2024-11-05 22:23:14.114088,22995,13431,58.400,9436,41.000,95.000
2024-11-05 22:23:55.114731,22995,13431,58.400,9436,41.000,95.000
2024-11-05 22:24:32.855976,22995,13431,58.400,9436,41.000,95.000
2024-11-05 22:25:13.645228,22995,13431,58.400,9436,41.000,95.000
2024-11-05 22:25:50.435747,22995,13431,58.400,9436,41.000,95.000
2024-11-05 22:26:29.052144,22995,13431,58.400,9436,41.000,95.000
2024-11-05 22:27:10.404297,22995,13431,58.400,9436,41.000,95.000
2024-11-05 22:27:41.318159,22995,13431,58.400,9436,41.000,95.000
2024-11-05 22:28:20.046313,22995,13431,58.400,9436,41.000,95.000
2024-11-05 22:28:50.935759,22995,13431,58.400,9436,41.000,95.000
2024-11-05 22:29:28.116985,22995,13431,58.400,9436,41.000,95.000
2024-11-05 22:29:56.668206,22995,13431,58.400,9436,41.000,95.000
2024-11-05 22:30:37.447024,22995,13431,58.400,9436,41.000,95.000
2024-11-05 22:31:12.675326,22995,13431,58.400,9436,41.000,95.000
2024-11-05 22:31:44.221532,22995,13431,58.400,9436,41.000,95.000
2024-11-05 22:32:23.369604,22995,13431,58.400,9436,41.000,95.000
2024-11-05 22:32:58.025604,22995,13431,58.400,9436,41.000,95.000
2024-11-05 22:33:36.812464,22995,13431,58.400,9436,41.000,95.000
2024-11-05 22:34:12.492088,22995,13431,58.400,9436,41.000,95.000
2024-11-05 22:34:55.497535,22995,13431,58.400,9436,41.000,95.000
2024-11-05 22:35:34.963037,22995,13431,58.400,9436,41.000,95.000
2024-11-05 22:36:10.910011,22995,13431,58.400,9436,41.000,95.000
2024-11-05 22:36:45.534601,22995,13431,58.400,9436,41.000,95.000
2024-11-05 22:37:12.276688,22995,13431,58.400,9436,41.000,95.000
2024-11-05 22:37:46.265402,22995,13431,58.400,9436,41.000,95.000
2024-11-05 22:38:27.223990,22995,13431,58.400,9436,41.000,95.000
2024-11-05 22:39:10.190631,22995,13431,58.400,9436,41.000,95.000
2024-11-05 22:39:48.651474,22995,13431,58.400,9436,41.000,95.000
2024-11-05 22:40:16.606851,22995,13431,58.400,9436,41.000,95.000
2024-11-05 22:40:53.541117,22995,13431,58.400,9436,41.000,95.000
2024-11-05 22:41:29.072632,22995,13431,58.400,9436,41.000,95.000
2024-11-05 22:42:01.587009,22995,13431,58.400,9436,41.000,95.000
2024-11-05 22:42:37.200208,22995,13431,58.400,9436,41.000,95.000
2024-11-05 22:43:21.670703,22995,13431,58.400,9436,41.000,95.000
2024-11-05 22:43:54.209330,22995,13431,58.400,9436,41.000,95.000
2024-11-05 22:44:26.188411,22995,13431,58.400,9436,41.000,95.000
2024-11-05 22:44:59.040659,22995,13431,58.400,9436,41.000,95.000
2024-11-05 22:45:40.332365,22995,13431,58.400,9436,41.000,95.000
2024-11-05 22:46:19.067027,22995,13431,58.400,9436,41.000,95.000
2024-11-05 22:46:49.618321,22995,13431,58.400,9436,41.000,95.000
2024-11-05 22:47:17.541546,22995,13431,58.400,9436,41.000,95.000
2024-11-05 22:47:56.866169,22995,13431,58.400,9436,41.000,95.000
2024-11-05 22:48:27.061307,22995,13431,58.400,9436,41.000,95.000
2024-11-05 22:49:06.442506,22995,13431,58.400,9436,41.000,95.000
2024-11-05 22:49:34.146538,22995,13431,58.400,9436,41.000,95.000
2024-11-05 22:50:16.523178,22995,13431,58.400,9436,41.000,95.000
2024-11-05 22:50:49.763274,22995,13431,58.400,9436,41.000,95.000
2024-11-05 22:51:25.073980,22995,13431,58.400,9436,41.000,95.000
2024-11-05 22:52:03.798053,22995,13431,58.400,9436,41.000,95.000
2024-11-05 22:52:37.810872,22995,13431,58.400,9436,41.000,95.000
2024-11-05 22:53:16.748641,22995,13431,58.400,9436,41.000,95.000
2024-11-05 22:53:54.697818,22995,13431,58.400,9436,41.000,95.000
2024-11-05 22:54:24.914558,22995,13431,58.400,9436,41.000,95.000
2024-11-05 22:54:56.873899,22995,13431,58.400,9436,41.000,95.000
2024-11-05 22:55:31.440729,22995,13431,58.400,9436,41.000,95.000
2024-11-05 22:56:15.140277,22995,13431,58.400,9436,41.000,95.000
2024-11-05 22:56:49.067316,22995,13431,58.400,9436,41.000,95.000
2024-11-05 22:57:24.642412,22995,13431,58.400,9436,41.000,95.000
2024-11-05 22:58:04.291243,22995,13431,58.400,9436,41.000,95.000
2024-11-05 22:58:34.903739,22995,13431,58.400,9436,41.000,95.000
2024-11-05 22:59:14.269047,22995,13431,58.400,9436,41.000,95.000
2024-11-05 22:59:48.217278,22995,13431,58.400,9436,41.000,95.000
2024-11-05 23:00:22.441334,22995,13431,58.400,9436,41.000,95.000
2024-11-05 23:00:57.707934,22995,13431,58.400,9436,41.000,95.000
2024-11-05 23:01:35.457604,22995,13431,58.400,9436,41.000,95.000
2024-11-05 23:02:12.237661,22995,13431,58.400,9436,41.000,95.000
2024-11-05 23:02:55.096932,22995,13431,58.400,9436,41.000,95.000
2024-11-05 23:03:28.825823,22995,13431,58.400,9436,41.000,95.000
2024-11-05 23:04:01.161200,22995,13431,58.400,9436,41.000,95.000
2024-11-05 23:04:43.175115,22995,13431,58.400,9436,41.000,95.000
2024-11-05 23:05:12.102755,22995,13431,58.400,9436,41.000,95.000
2024-11-05 23:05:37.697822,22995,13431,58.400,9436,41.000,95.000
2024-11-05 23:06:10.104045,22995,13431,58.400,9436,41.000,95.000
2024-11-05 23:06:39.148236,22995,13431,58.400,9436,41.000,95.000
2024-11-05 23:07:15.818452,22995,13431,58.400,9436,41.000,95.000
2024-11-05 23:07:47.089169,22995,13431,58.400,9436,41.000,95.000
2024-11-05 23:08:23.289308,22995,13431,58.400,9436,41.000,95.000
2024-11-05 23:09:02.089758,22995,13431,58.400,9436,41.000,95.000
2024-11-05 23:09:40.669665,22995,13431,58.400,9436,41.000,95.000
2024-11-05 23:10:23.737737,22995,13431,58.400,9436,41.000,95.000
2024-11-05 23:10:54.080393,22995,13431,58.400,9436,41.000,95.000
2024-11-05 23:11:27.905945,22995,13431,58.400,9436,41.000,95.000
2024-11-05 23:12:01.905476,22995,13431,58.400,9436,41.000,95.000
2024-11-05 23:12:38.485838,22995,13431,58.400,9436,41.000,95.000
2024-11-05 23:13:08.900487,22995,13431,58.400,9436,41.000,95.000
2024-11-05 23:13:37.508374,22995,13431,58.400,9436,41.000,95.000
2024-11-05 23:14:17.654492,22995,13431,58.400,9436,41.000,95.000
2024-11-05 23:14:52.172264,22995,13431,58.400,9436,41.000,95.000
2024-11-05 23:15:24.898653,22995,13431,58.400,9436,41.000,95.000
2024-11-05 23:16:00.494011,22995,13431,58.400,9436,41.000,95.000
2024-11-05 23:16:39.107142,22995,13431,58.400,9436,41.000,95.000
2024-11-05 23:17:17.538029,22995,13431,58.400,9436,41.000,95.000
2024-11-05 23:17:52.708769,22995,13431,58.400,9436,41.000,95.000
2024-11-05 23:18:29.466100,22995,13431,58.400,9436,41.000,95.000
2024-11-05 23:19:07.780863,22995,13431,58.400,9436,41.000,95.000
2024-11-05 23:19:40.193348,22995,13431,58.400,9436,41.000,95.000
2024-11-05 23:20:11.204394,22995,13431,58.400,9436,41.000,95.000
2024-11-05 23:20:54.999977,22995,13431,58.400,9436,41.000,95.000
2024-11-05 23:21:31.090296,22995,13431,58.400,9436,41.000,95.000
2024-11-05 23:22:07.833062,22995,13431,58.400,9436,41.000,95.000
2024-11-05 23:22:43.825012,22995,13431,58.400,9436,41.000,95.000
2024-11-05 23:23:17.937697,22995,13431,58.400,9436,41.000,95.000
2024-11-05 23:24:03.026168,22995,13431,58.400,9436,41.000,95.000
2024-11-05 23:24:41.300498,22995,13431,58.400,9436,41.000,95.000
2024-11-05 23:25:12.831373,22995,13431,58.400,9436,41.000,95.000
2024-11-05 23:25:53.980148,22995,13431,58.400,9436,41.000,95.000
2024-11-05 23:26:29.144101,22995,13431,58.400,9436,41.000,95.000
2024-11-05 23:27:08.833053,22995,13431,58.400,9436,41.000,95.000
2024-11-05 23:27:44.787163,22995,13431,58.400,9436,41.000,95.000
2024-11-05 23:28:19.667392,22995,13431,58.400,9436,41.000,95.000
2024-11-05 23:28:54.866326,22995,13431,58.400,9436,41.000,95.000
2024-11-05 23:29:24.657724,22995,13431,58.400,9436,41.000,95.000
2024-11-05 23:29:58.640417,22995,13431,58.400,9436,41.000,95.000
2024-11-05 23:30:32.237916,22995,13431,58.400,9436,41.000,95.000
2024-11-05 23:31:09.766948,22995,13431,58.400,9436,41.000,95.000
2024-11-05 23:31:52.631520,22995,13431,58.400,9436,41.000,95.000
2024-11-05 23:32:28.551448,22995,13431,58.400,9436,41.000,95.000
2024-11-05 23:33:12.397559,22995,13431,58.400,9436,41.000,95.000
2024-11-05 23:33:55.095825,22995,13431,58.400,9436,41.000,95.000
2024-11-05 23:34:30.675444,22995,13431,58.400,9436,41.000,95.000
2024-11-05 23:35:05.950569,22995,13431,58.400,9436,41.000,95.000
2024-11-05 23:35:48.338368,22995,13431,58.400,9436,41.000,95.000
2024-11-05 23:36:25.924795,22995,13431,58.400,9436,41.000,95.000
2024-11-05 23:36:59.050876,22995,13431,58.400,9436,41.000,95.000
2024-11-05 23:37:32.831507,22995,13431,58.400,9436,41.000,95.000
2024-11-05 23:38:13.748438,22995,13431,58.400,9436,41.000,95.000
2024-11-05 23:38:52.485156,22995,13431,58.400,9436,41.000,95.000
2024-11-05 23:39:27.444578,22995,13431,58.400,9436,41.000,95.000
2024-11-05 23:40:06.645418,22995,13431,58.400,9436,41.000,95.000
2024-11-05 23:40:42.316706,22995,13431,58.400,9436,41.000,95.000
2024-11-05 23:41:25.325203,22995,13431,58.400,9436,41.000,95.000
2024-11-05 23:42:09.981283,22995,13431,58.400,9436,41.000,95.000
2024-11-05 23:42:44.311715,22995,13431,58.400,9436,41.000,95.000
2024-11-05 23:43:16.504669,22995,13431,58.400,9436,41.000,95.000
2024-11-05 23:43:58.457745,22995,13431,58.400,9436,41.000,95.000
2024-11-05 23:44:29.340018,22995,13431,58.400,9436,41.000,95.000
2024-11-05 23:45:04.540980,22995,13431,58.400,9436,41.000,95.000
2024-11-05 23:45:37.841793,22995,13431,58.400,9436,41.000,95.000
2024-11-05 23:46:14.410406,22995,13431,58.400,9436,41.000,95.000
2024-11-05 23:46:46.654197,22995,13431,58.400,9436,41.000,95.000
2024-11-05 23:47:23.890577,22995,13431,58.400,9436,41.000,95.000
2024-11-05 23:47:52.974237,22995,13431,58.400,9436,41.000,95.000
2024-11-05 23:48:31.016948,22995,13431,58.400,9436,41.000,95.000
2024-11-05 23:49:13.506404,22995,13431,58.400,9436,41.000,95.000
2024-11-05 23:49:47.813483,22995,13431,58.400,9436,41.000,95.000
2024-11-05 23:50:14.372739,22995,13431,58.400,9436,41.000,95.000
2024-11-05 23:50:52.241888,22995,13431,58.400,9436,41.000,95.000
2024-11-05 23:51:30.070953,22995,13431,58.400,9436,41.000,95.000
2024-11-05 23:51:54.069093,22995,13431,58.400,9436,41.000,95.000
2024-11-05 23:52:25.037284,22995,13431,58.400,9436,41.000,95.000
2024-11-05 23:53:04.873392,22995,13431,58.400,9436,41.000,95.000
2024-11-05 23:53:40.957997,22995,13431,58.400,9436,41.000,95.000
2024-11-05 23:54:11.567927,22995,13431,58.400,9436,41.000,95.000
2024-11-05 23:54:48.834589,22995,13431,58.400,9436,41.000,95.000
2024-11-05 23:55:19.893347,22995,13431,58.400,9436,41.000,95.000
2024-11-05 23:55:50.074355,22995,13431,58.400,9436,41.000,95.000
2024-11-05 23:56:27.544410,22995,13431,58.400,9436,41.000,95.000
2024-11-05 23:56:58.746791,22995,13431,58.400,9436,41.000,95.000
2024-11-05 23:57:28.455696,22995,13431,58.400,9436,41.000,95.000
2024-11-05 23:58:09.522357,22995,13431,58.400,9436,41.000,95.000
2024-11-05 23:58:37.214842,22995,13431,58.400,9436,41.000,95.000
2024-11-05 23:59:15.462378,22995,13431,58.400,9436,41.000,95.000
2024-11-05 23:59:51.725259,22995,13431,58.400,9436,41.000,95.000
2024-11-06 00:00:24.508255,22995,13431,58.400,9436,41.000,95.000
2024-11-06 00:01:04.919046,22995,13431,58.400,9436,41.000,95.000
2024-11-06 00:01:42.416715,22995,13431,58.400,9436,41.000,95.000
