Extraction_Datetime,KH_Vote_Pct,KH_Vote_Count,DT_Vote_Pct,DT_Vote_Count
2024-11-05 14:34:52.921291,0.0000,0,0.0000,0
2024-11-05 14:35:41.835167,0.0000,0,0.0000,0
2024-11-05 14:36:30.500019,0.0000,0,0.0000,0
2024-11-05 14:37:22.622274,0.0000,0,0.0000,0
2024-11-05 14:38:28.156030,0.0000,0,0.0000,0
2024-11-05 14:39:01.116881,0.0000,0,0.0000,0
2024-11-05 14:39:33.182153,0.0000,0,0.0000,0
2024-11-05 14:40:29.372793,0.0000,0,0.0000,0
2024-11-05 14:40:44.302943,0.0000,0,0.0000,0
2024-11-05 14:40:59.400245,0.0000,0,0.0000,0
2024-11-05 14:41:54.298568,0.0000,0,0.0000,0
2024-11-05 14:42:48.756842,0.0000,0,0.0000,0
2024-11-05 14:43:39.116978,0.0000,0,0.0000,0
2024-11-05 14:44:32.835196,0.0000,0,0.0000,0
2024-11-05 14:44:56.222643,0.0000,0,0.0000,0
2024-11-05 14:45:14.818817,0.0000,0,0.0000,0
2024-11-05 14:46:03.189395,0.0000,0,0.0000,0
2024-11-05 14:46:55.386574,0.0000,0,0.0000,0
2024-11-05 14:47:32.008456,0.0000,0,0.0000,0
2024-11-05 14:47:59.051226,0.0000,0,0.0000,0
2024-11-05 14:48:16.331381,0.0000,0,0.0000,0
2024-11-05 14:49:15.084363,0.0000,0,0.0000,0
2024-11-05 14:49:32.022198,0.0000,0,0.0000,0
2024-11-05 14:49:56.901521,0.0000,0,0.0000,0
2024-11-05 14:50:27.901855,0.0000,0,0.0000,0
2024-11-05 14:51:10.914147,0.0000,0,0.0000,0
2024-11-05 14:51:50.200263,0.0000,0,0.0000,0
2024-11-05 14:52:48.648757,0.0000,0,0.0000,0
2024-11-05 14:53:11.973886,0.0000,0,0.0000,0
2024-11-05 14:53:29.741953,0.0000,0,0.0000,0
2024-11-05 14:53:53.311690,0.0000,0,0.0000,0
2024-11-05 14:54:20.475983,0.0000,0,0.0000,0
2024-11-05 14:55:12.416242,0.0000,0,0.0000,0
2024-11-05 14:55:43.750655,0.0000,0,0.0000,0
2024-11-05 14:56:05.714884,0.0000,0,0.0000,0
2024-11-05 14:57:02.396549,0.0000,0,0.0000,0
2024-11-05 14:57:27.920780,0.0000,0,0.0000,0
2024-11-05 14:58:13.135508,0.0000,0,0.0000,0
2024-11-05 14:58:23.540377,0.0000,0,0.0000,0
2024-11-05 14:58:57.908791,0.0000,0,0.0000,0
2024-11-05 14:59:36.342370,0.0000,0,0.0000,0
2024-11-05 15:00:26.823916,0.0000,0,0.0000,0
2024-11-05 15:00:46.294346,0.0000,0,0.0000,0
2024-11-05 15:01:06.354540,0.0000,0,0.0000,0
2024-11-05 15:01:48.847678,0.0000,0,0.0000,0
2024-11-05 15:02:15.596253,0.0000,0,0.0000,0
2024-11-05 15:02:52.919244,0.0000,0,0.0000,0
2024-11-05 15:03:18.175314,0.0000,0,0.0000,0
2024-11-05 15:03:38.333745,0.0000,0,0.0000,0
2024-11-05 15:04:18.884157,0.0000,0,0.0000,0
2024-11-05 15:04:40.951751,0.0000,0,0.0000,0
2024-11-05 15:05:07.824907,0.0000,0,0.0000,0
2024-11-05 15:05:52.516828,0.0000,0,0.0000,0
2024-11-05 15:06:35.943270,0.0000,0,0.0000,0
2024-11-05 15:07:16.732739,0.0000,0,0.0000,0
2024-11-05 15:07:45.176102,0.0000,0,0.0000,0
2024-11-05 15:07:56.444995,0.0000,0,0.0000,0
2024-11-05 15:08:23.177466,0.0000,0,0.0000,0
2024-11-05 15:09:04.760105,0.0000,0,0.0000,0
2024-11-05 15:09:15.454925,0.0000,0,0.0000,0
2024-11-05 15:09:36.556082,0.0000,0,0.0000,0
2024-11-05 15:10:31.224472,0.0000,0,0.0000,0
2024-11-05 15:11:09.595763,0.0000,0,0.0000,0
2024-11-05 15:11:29.695107,0.0000,0,0.0000,0
2024-11-05 15:12:14.130057,0.0000,0,0.0000,0
2024-11-05 15:12:58.151105,0.0000,0,0.0000,0
2024-11-05 15:13:14.749712,0.0000,0,0.0000,0
2024-11-05 15:14:03.606290,0.0000,0,0.0000,0
2024-11-05 15:14:32.575669,0.0000,0,0.0000,0
2024-11-05 15:15:36.720807,0.0000,0,0.0000,0
2024-11-05 15:16:25.307312,0.0000,0,0.0000,0
2024-11-05 15:17:10.276434,0.0000,0,0.0000,0
2024-11-05 15:18:04.396573,0.0000,0,0.0000,0
2024-11-05 15:18:54.541550,0.0000,0,0.0000,0
2024-11-05 15:19:37.267342,0.0000,0,0.0000,0
2024-11-05 15:20:31.608464,0.0000,0,0.0000,0
2024-11-05 15:21:12.992751,0.0000,0,0.0000,0
2024-11-05 15:21:57.923087,0.0000,0,0.0000,0
2024-11-05 15:22:27.030950,0.0000,0,0.0000,0
2024-11-05 15:22:59.002400,0.0000,0,0.0000,0
2024-11-05 15:23:30.722121,0.0000,0,0.0000,0
2024-11-05 15:24:19.353718,0.0000,0,0.0000,0
2024-11-05 15:25:18.357824,0.0000,0,0.0000,0
2024-11-05 15:25:47.737644,0.0000,0,0.0000,0
2024-11-05 15:26:14.668650,0.0000,0,0.0000,0
2024-11-05 15:27:02.471321,0.0000,0,0.0000,0
2024-11-05 15:27:36.632215,0.0000,0,0.0000,0
2024-11-05 15:28:29.499807,0.0000,0,0.0000,0
2024-11-05 15:29:03.116132,0.0000,0,0.0000,0
2024-11-05 15:29:39.877930,0.0000,0,0.0000,0
2024-11-05 15:29:56.927498,0.0000,0,0.0000,0
2024-11-05 15:30:36.218084,0.0000,0,0.0000,0
2024-11-05 15:31:14.140577,0.0000,0,0.0000,0
2024-11-05 15:31:37.758334,0.0000,0,0.0000,0
2024-11-05 15:32:15.107659,0.0000,0,0.0000,0
2024-11-05 15:33:09.060431,0.0000,0,0.0000,0
2024-11-05 15:34:05.482118,0.0000,0,0.0000,0
2024-11-05 15:35:00.601813,0.0000,0,0.0000,0
2024-11-05 15:36:04.113918,0.0000,0,0.0000,0
2024-11-05 15:36:37.928431,0.0000,0,0.0000,0
2024-11-05 15:37:25.605799,0.0000,0,0.0000,0
2024-11-05 15:38:22.706921,0.0000,0,0.0000,0
2024-11-05 15:38:58.252004,0.0000,0,0.0000,0
2024-11-05 15:39:59.191510,0.0000,0,0.0000,0
2024-11-05 15:40:16.709439,0.0000,0,0.0000,0
2024-11-05 15:41:17.347034,0.0000,0,0.0000,0
2024-11-05 15:42:09.513600,0.0000,0,0.0000,0
2024-11-05 15:42:59.046366,0.0000,0,0.0000,0
2024-11-05 15:43:25.773505,0.0000,0,0.0000,0
2024-11-05 15:43:49.475612,0.0000,0,0.0000,0
2024-11-05 15:43:59.939690,0.0000,0,0.0000,0
2024-11-05 15:44:53.914356,0.0000,0,0.0000,0
2024-11-05 15:45:28.330645,0.0000,0,0.0000,0
2024-11-05 15:46:14.045154,0.0000,0,0.0000,0
2024-11-05 15:47:01.860066,0.0000,0,0.0000,0
2024-11-05 15:47:42.817841,0.0000,0,0.0000,0
2024-11-05 15:48:05.871341,0.0000,0,0.0000,0
2024-11-05 15:48:54.645162,0.0000,0,0.0000,0
2024-11-05 15:49:25.640378,0.0000,0,0.0000,0
2024-11-05 15:49:36.981715,0.0000,0,0.0000,0
2024-11-05 15:50:07.475194,0.0000,0,0.0000,0
2024-11-05 15:50:53.070567,0.0000,0,0.0000,0
2024-11-05 15:51:31.261501,0.0000,0,0.0000,0
2024-11-05 15:52:30.436560,0.0000,0,0.0000,0
2024-11-05 15:52:59.360603,0.0000,0,0.0000,0
2024-11-05 15:53:28.476420,0.0000,0,0.0000,0
2024-11-05 15:54:09.436686,0.0000,0,0.0000,0
2024-11-05 15:55:04.741405,0.0000,0,0.0000,0
2024-11-05 15:55:45.638830,0.0000,0,0.0000,0
2024-11-05 15:56:48.837148,0.0000,0,0.0000,0
2024-11-05 15:57:28.292381,0.0000,0,0.0000,0
2024-11-05 15:58:28.056324,0.0000,0,0.0000,0
2024-11-05 15:59:07.355816,0.0000,0,0.0000,0
2024-11-05 15:59:26.901425,0.0000,0,0.0000,0
2024-11-05 15:59:54.284076,0.0000,0,0.0000,0
2024-11-05 16:00:31.666935,0.0000,0,0.0000,0
2024-11-05 16:01:05.000988,0.0000,0,0.0000,0
2024-11-05 16:01:37.394264,0.0000,0,0.0000,0
2024-11-05 16:02:30.538427,0.0000,0,0.0000,0
2024-11-05 16:03:13.804612,0.0000,0,0.0000,0
2024-11-05 16:03:48.884461,0.0000,0,0.0000,0
2024-11-05 16:04:03.268430,0.0000,0,0.0000,0
2024-11-05 16:04:36.719100,0.0000,0,0.0000,0
2024-11-05 16:04:55.735614,0.0000,0,0.0000,0
2024-11-05 16:05:38.405593,0.0000,0,0.0000,0
2024-11-05 16:06:12.097646,0.0000,0,0.0000,0
2024-11-05 16:06:58.285504,0.0000,0,0.0000,0
2024-11-05 16:07:56.333907,0.0000,0,0.0000,0
2024-11-05 16:08:44.095381,0.0000,0,0.0000,0
2024-11-05 16:09:42.874440,0.0000,0,0.0000,0
2024-11-05 16:10:39.160205,0.0000,0,0.0000,0
2024-11-05 16:11:28.894895,0.0000,0,0.0000,0
2024-11-05 16:11:56.329837,0.0000,0,0.0000,0
2024-11-05 16:12:16.688163,0.0000,0,0.0000,0
2024-11-05 16:12:34.606224,0.0000,0,0.0000,0
2024-11-05 16:12:59.060288,0.0000,0,0.0000,0
2024-11-05 16:13:36.431129,0.0000,0,0.0000,0
2024-11-05 16:14:22.914496,0.0000,0,0.0000,0
2024-11-05 16:15:26.355842,0.0000,0,0.0000,0
2024-11-05 16:16:17.752547,0.0000,0,0.0000,0
2024-11-05 16:16:37.501349,0.0000,0,0.0000,0
2024-11-05 16:17:16.721556,0.0000,0,0.0000,0
2024-11-05 16:17:32.857249,0.0000,0,0.0000,0
2024-11-05 16:18:03.003851,0.0000,0,0.0000,0
2024-11-05 16:18:40.785878,0.0000,0,0.0000,0
2024-11-05 16:19:29.231985,0.0000,0,0.0000,0
2024-11-05 16:19:58.655222,0.0000,0,0.0000,0
2024-11-05 16:20:27.309637,0.0000,0,0.0000,0
2024-11-05 16:21:16.260416,0.0000,0,0.0000,0
2024-11-05 16:22:06.647776,0.0000,0,0.0000,0
2024-11-05 16:22:57.891756,0.0000,0,0.0000,0
2024-11-05 16:23:22.141165,0.0000,0,0.0000,0
2024-11-05 16:24:15.357926,0.0000,0,0.0000,0
2024-11-05 16:24:54.508110,0.0000,0,0.0000,0
2024-11-05 16:25:33.961937,0.0000,0,0.0000,0
2024-11-05 16:26:23.559868,0.0000,0,0.0000,0
2024-11-05 16:26:37.955168,0.0000,0,0.0000,0
2024-11-05 16:27:14.626775,0.0000,0,0.0000,0
2024-11-05 16:27:28.751021,0.0000,0,0.0000,0
2024-11-05 16:27:55.750565,0.0000,0,0.0000,0
2024-11-05 16:28:22.229338,0.0000,0,0.0000,0
2024-11-05 16:28:57.373626,0.0000,0,0.0000,0
2024-11-05 16:29:43.973837,0.0000,0,0.0000,0
2024-11-05 16:30:33.502082,0.0000,0,0.0000,0
2024-11-05 16:31:13.322520,0.0000,0,0.0000,0
2024-11-05 16:31:37.935626,0.0000,0,0.0000,0
2024-11-05 16:32:15.513842,0.0000,0,0.0000,0
2024-11-05 16:32:51.221240,0.0000,0,0.0000,0
2024-11-05 16:33:37.230891,0.0000,0,0.0000,0
2024-11-05 16:34:19.553042,0.0000,0,0.0000,0
2024-11-05 16:35:00.368629,0.0000,0,0.0000,0
2024-11-05 16:35:22.875402,0.0000,0,0.0000,0
2024-11-05 16:36:17.086262,0.0000,0,0.0000,0
2024-11-05 16:36:52.358165,0.0000,0,0.0000,0
2024-11-05 16:37:49.216750,0.0000,0,0.0000,0
2024-11-05 16:38:14.568883,0.0000,0,0.0000,0
2024-11-05 16:39:05.791268,0.0000,0,0.0000,0
2024-11-05 16:39:52.347148,0.0000,0,0.0000,0
2024-11-05 16:40:30.130805,0.0000,0,0.0000,0
2024-11-05 16:41:02.561504,0.0000,0,0.0000,0
2024-11-05 16:41:33.586095,0.0000,0,0.0000,0
2024-11-05 16:42:36.231495,0.0000,0,0.0000,0
2024-11-05 16:43:28.498383,0.0000,0,0.0000,0
2024-11-05 16:44:12.706370,0.0000,0,0.0000,0
2024-11-05 16:44:38.077092,0.0000,0,0.0000,0
2024-11-05 16:45:15.503920,0.0000,0,0.0000,0
2024-11-05 16:45:45.814740,0.0000,0,0.0000,0
2024-11-05 16:46:12.977132,0.0000,0,0.0000,0
2024-11-05 16:46:50.081702,0.0000,0,0.0000,0
2024-11-05 16:47:14.458802,0.0000,0,0.0000,0
2024-11-05 16:47:37.577339,0.0000,0,0.0000,0
2024-11-05 16:48:00.633831,0.0000,0,0.0000,0
2024-11-05 16:49:05.281530,0.0000,0,0.0000,0
2024-11-05 16:50:01.015628,0.0000,0,0.0000,0
2024-11-05 16:50:52.576822,0.0000,0,0.0000,0
2024-11-05 16:51:41.675999,0.0000,0,0.0000,0
2024-11-05 16:52:31.626387,0.0000,0,0.0000,0
2024-11-05 16:53:13.766324,0.0000,0,0.0000,0
2024-11-05 16:54:10.623277,0.0000,0,0.0000,0
2024-11-05 16:54:55.871747,0.0000,0,0.0000,0
2024-11-05 16:55:13.321502,0.0000,0,0.0000,0
2024-11-05 16:55:28.293459,0.0000,0,0.0000,0
2024-11-05 16:55:50.752381,0.0000,0,0.0000,0
2024-11-05 16:56:40.382090,0.0000,0,0.0000,0
2024-11-05 16:57:16.030659,0.0000,0,0.0000,0
2024-11-05 16:57:30.450148,0.0000,0,0.0000,0
2024-11-05 16:58:24.662824,0.0000,0,0.0000,0
2024-11-05 16:59:13.528584,0.0000,0,0.0000,0
2024-11-05 16:59:32.671634,0.0000,0,0.0000,0
2024-11-05 17:00:15.099183,0.0000,0,0.0000,0
2024-11-05 17:00:35.203732,0.0000,0,0.0000,0
2024-11-05 17:00:54.691644,0.0000,0,0.0000,0
2024-11-05 17:01:32.288074,0.0000,0,0.0000,0
2024-11-05 17:02:22.911839,0.0000,0,0.0000,0
2024-11-05 17:03:04.344110,0.0000,0,0.0000,0
2024-11-05 17:03:41.869291,0.0000,0,0.0000,0
2024-11-05 17:04:39.479280,0.0000,0,0.0000,0
2024-11-05 17:05:06.202009,0.0000,0,0.0000,0
2024-11-05 17:05:49.033766,0.0000,0,0.0000,0
2024-11-05 17:06:49.026644,0.0000,0,0.0000,0
2024-11-05 17:07:08.525820,0.0000,0,0.0000,0
2024-11-05 17:08:01.056472,0.0000,0,0.0000,0
2024-11-05 17:09:01.778610,0.0000,0,0.0000,0
2024-11-05 17:09:42.591396,0.0000,0,0.0000,0
2024-11-05 17:10:11.467470,0.0000,0,0.0000,0
2024-11-05 17:10:31.164687,0.0000,0,0.0000,0
2024-11-05 17:11:09.215147,0.0000,0,0.0000,0
2024-11-05 17:11:30.956117,0.0000,0,0.0000,0
2024-11-05 17:12:25.651751,0.0000,0,0.0000,0
2024-11-05 17:12:40.581833,0.0000,0,0.0000,0
2024-11-05 17:13:22.091383,0.0000,0,0.0000,0
2024-11-05 17:13:55.729281,0.0000,0,0.0000,0
2024-11-05 17:14:13.840794,0.0000,0,0.0000,0
2024-11-05 17:14:37.836131,0.0000,0,0.0000,0
2024-11-05 17:15:33.403666,0.0000,0,0.0000,0
2024-11-05 17:16:16.425818,0.0000,0,0.0000,0
2024-11-05 17:16:46.164490,0.0000,0,0.0000,0
2024-11-05 17:17:28.991128,0.0000,0,0.0000,0
2024-11-05 17:18:21.661191,0.0000,0,0.0000,0
2024-11-05 17:19:21.469964,0.0000,0,0.0000,0
2024-11-05 17:20:01.799771,0.0000,0,0.0000,0
2024-11-05 17:21:06.409447,0.0000,0,0.0000,0
2024-11-05 17:21:33.595266,0.0000,0,0.0000,0
2024-11-05 17:22:31.754407,0.0000,0,0.0000,0
2024-11-05 17:23:24.200807,0.0000,0,0.0000,0
2024-11-05 17:23:49.785403,0.0000,0,0.0000,0
2024-11-05 17:24:18.571636,0.0000,0,0.0000,0
2024-11-05 17:24:36.724011,0.0000,0,0.0000,0
2024-11-05 17:25:16.336531,0.0000,0,0.0000,0
2024-11-05 17:25:53.559350,0.0000,0,0.0000,0
2024-11-05 17:26:26.129593,0.0000,0,0.0000,0
2024-11-05 17:27:00.344979,0.0000,0,0.0000,0
2024-11-05 17:27:44.533710,0.0000,0,0.0000,0
2024-11-05 17:28:14.195746,0.0000,0,0.0000,0
2024-11-05 17:28:29.278180,0.0000,0,0.0000,0
2024-11-05 17:29:26.465839,0.0000,0,0.0000,0
2024-11-05 17:29:59.487189,0.0000,0,0.0000,0
2024-11-05 17:30:38.731988,0.0000,0,0.0000,0
2024-11-05 17:31:31.792753,0.0000,0,0.0000,0
2024-11-05 17:32:27.902389,0.0000,0,0.0000,0
2024-11-05 17:32:52.946547,0.0000,0,0.0000,0
2024-11-05 17:33:18.271317,0.0000,0,0.0000,0
2024-11-05 17:34:04.918793,0.0000,0,0.0000,0
2024-11-05 17:34:49.923553,0.0000,0,0.0000,0
2024-11-05 17:35:38.129142,0.0000,0,0.0000,0
2024-11-05 17:36:38.600465,0.0000,0,0.0000,0
2024-11-05 17:37:32.919116,0.0000,0,0.0000,0
2024-11-05 17:38:39.841151,0.0000,0,0.0000,0
2024-11-05 17:39:28.459433,0.0000,0,0.0000,0
2024-11-05 17:40:28.300457,0.0000,0,0.0000,0
2024-11-05 17:41:26.082105,0.0000,0,0.0000,0
2024-11-05 17:42:15.452261,0.0000,0,0.0000,0
2024-11-05 17:42:41.081004,0.0000,0,0.0000,0
2024-11-05 17:43:24.506074,0.0000,0,0.0000,0
2024-11-05 17:44:16.079579,0.0000,0,0.0000,0
2024-11-05 17:44:44.304248,0.0000,0,0.0000,0
2024-11-05 17:45:31.678873,0.0000,0,0.0000,0
2024-11-05 17:46:19.807438,0.0000,0,0.0000,0
2024-11-05 17:47:04.192106,0.0000,0,0.0000,0
2024-11-05 17:47:26.667476,0.0000,0,0.0000,0
2024-11-05 17:48:05.902799,0.0000,0,0.0000,0
2024-11-05 17:48:45.539840,0.0000,0,0.0000,0
2024-11-05 17:49:29.740805,0.0000,0,0.0000,0
2024-11-05 17:50:35.579184,0.0000,0,0.0000,0
2024-11-05 17:51:31.220523,0.0000,0,0.0000,0
2024-11-05 17:52:07.359077,0.0000,0,0.0000,0
2024-11-05 17:52:56.128481,0.0000,0,0.0000,0
2024-11-05 17:53:39.532352,0.0000,0,0.0000,0
2024-11-05 17:54:06.457255,0.0000,0,0.0000,0
2024-11-05 17:54:59.535708,0.0000,0,0.0000,0
2024-11-05 17:55:35.824685,0.0000,0,0.0000,0
2024-11-05 17:56:15.724345,0.0000,0,0.0000,0
2024-11-05 17:56:36.127193,0.0000,0,0.0000,0
2024-11-05 17:57:16.691543,0.0000,0,0.0000,0
2024-11-05 17:58:13.578584,0.0000,0,0.0000,0
2024-11-05 17:58:54.502565,0.0000,0,0.0000,0
2024-11-05 17:59:35.844955,0.0000,0,0.0000,0
2024-11-05 18:00:10.136896,0.0000,0,0.0000,0
2024-11-05 18:00:50.222556,0.0000,0,0.0000,0
2024-11-05 18:01:17.731432,0.0000,0,0.0000,0
2024-11-05 18:02:00.334717,0.0000,0,0.0000,0
2024-11-05 18:02:58.411298,0.0000,0,0.0000,0
2024-11-05 18:03:46.710924,0.0000,0,0.0000,0
2024-11-05 18:04:28.611929,0.0000,0,0.0000,0
2024-11-05 18:04:55.665929,0.0000,0,0.0000,0
2024-11-05 18:06:01.460454,0.0000,0,0.0000,0
2024-11-05 18:06:55.429567,0.0000,0,0.0000,0
2024-11-05 18:07:32.177570,0.0000,0,0.0000,0
2024-11-05 18:08:26.795250,0.0000,0,0.0000,0
2024-11-05 18:09:12.742357,0.0000,0,0.0000,0
2024-11-05 18:10:12.168320,0.0000,0,0.0000,0
2024-11-05 18:11:07.175492,0.0000,0,0.0000,0
2024-11-05 18:11:50.348181,0.0000,0,0.0000,0
2024-11-05 18:12:16.655293,0.0000,0,0.0000,0
2024-11-05 18:13:22.152868,0.0000,0,0.0000,0
2024-11-05 18:14:03.869728,0.0000,0,0.0000,0
2024-11-05 18:15:09.527643,0.0000,0,0.0000,0
2024-11-05 18:16:00.257955,0.0000,0,0.0000,0
2024-11-05 18:16:54.798583,0.0000,0,0.0000,0
2024-11-05 18:17:12.915320,0.0000,0,0.0000,0
2024-11-05 18:18:15.782258,0.0000,0,0.0000,0
2024-11-05 18:18:42.440121,0.0000,0,0.0000,0
2024-11-05 18:19:06.867346,0.0000,0,0.0000,0
2024-11-05 18:19:32.299856,0.0000,0,0.0000,0
2024-11-05 18:20:03.491074,0.0000,0,0.0000,0
2024-11-05 18:20:39.624545,0.0000,0,0.0000,0
2024-11-05 18:20:59.122343,0.0000,0,0.0000,0
2024-11-05 18:21:52.051424,0.0000,0,0.0000,0
2024-11-05 18:22:35.229329,0.0000,0,0.0000,0
2024-11-05 18:23:24.857931,0.0000,0,0.0000,0
2024-11-05 18:23:49.526725,0.0000,0,0.0000,0
2024-11-05 18:24:34.315191,0.0000,0,0.0000,0
2024-11-05 18:25:01.682972,0.0000,0,0.0000,0
2024-11-05 18:25:27.527602,0.0000,0,0.0000,0
2024-11-05 18:25:49.909946,0.0000,0,0.0000,0
2024-11-05 18:26:11.141066,0.0000,0,0.0000,0
2024-11-05 18:27:07.852422,0.0000,0,0.0000,0
2024-11-05 18:28:12.866351,0.0000,0,0.0000,0
2024-11-05 18:28:43.604926,0.0000,0,0.0000,0
2024-11-05 18:29:25.876494,0.0000,0,0.0000,0
2024-11-05 18:30:14.305755,0.0000,0,0.0000,0
2024-11-05 18:30:54.653540,0.0000,0,0.0000,0
2024-11-05 18:31:19.687600,0.0000,0,0.0000,0
2024-11-05 18:32:12.200455,0.0000,0,0.0000,0
2024-11-05 18:33:23.308371,0.0000,0,0.0000,0
2024-11-05 18:33:57.330192,0.0000,0,0.0000,0
2024-11-05 18:34:28.553857,0.0000,0,0.0000,0
2024-11-05 18:35:33.062045,0.0000,0,0.0000,0
2024-11-05 18:36:29.712888,0.0000,0,0.0000,0
2024-11-05 18:37:06.664874,0.0000,0,0.0000,0
2024-11-05 18:37:57.443522,0.0000,0,0.0000,0
2024-11-05 18:39:07.418612,0.0000,0,0.0000,0
2024-11-05 18:39:59.513200,0.0000,0,0.0000,0
2024-11-05 18:40:17.620580,0.0000,0,0.0000,0
2024-11-05 18:40:54.786766,0.0000,0,0.0000,0
2024-11-05 18:41:22.982081,0.0000,0,0.0000,0
2024-11-05 18:42:24.768760,0.0000,0,0.0000,0
2024-11-05 18:43:13.967007,0.0000,0,0.0000,0
2024-11-05 18:43:53.774691,0.0000,0,0.0000,0
2024-11-05 18:44:12.535524,0.0000,0,0.0000,0
2024-11-05 18:44:46.060165,0.0000,0,0.0000,0
2024-11-05 18:45:43.953705,0.0000,0,0.0000,0
2024-11-05 18:46:04.878727,0.0000,0,0.0000,0
2024-11-05 18:46:50.284488,0.0000,0,0.0000,0
2024-11-05 18:47:34.351068,0.0000,0,0.0000,0
2024-11-05 18:48:12.720540,0.0000,0,0.0000,0
2024-11-05 18:49:12.253751,0.0000,0,0.0000,0
2024-11-05 18:49:47.681825,0.0000,0,0.0000,0
2024-11-05 18:50:55.694771,0.0000,0,0.0000,0
2024-11-05 18:51:34.630308,0.0000,0,0.0000,0
2024-11-05 18:52:28.682521,0.0000,0,0.0000,0
2024-11-05 18:53:18.035029,0.0000,0,0.0000,0
2024-11-05 18:53:58.549,0.0000,0,0.0000,0
2024-11-05 18:54:34.460742,0.0000,0,0.0000,0
2024-11-05 18:55:33.601077,0.0000,0,0.0000,0
2024-11-05 18:56:29.330806,0.0000,0,0.0000,0
2024-11-05 18:57:49.361519,0.0000,0,0.0000,0
2024-11-05 18:58:33.327518,0.0000,0,0.0000,0
2024-11-05 18:59:25.946609,0.0000,0,0.0000,0
2024-11-05 19:00:14.084241,0.0000,0,0.0000,0
2024-11-05 19:00:44.765399,0.0000,0,0.0000,0
2024-11-05 19:01:03.843996,0.0000,0,0.0000,0
2024-11-05 19:01:32.391619,0.0000,0,0.0000,0
2024-11-05 19:02:06.655584,0.0000,0,0.0000,0
2024-11-05 19:02:38.735501,0.0000,0,0.0000,0
2024-11-05 19:03:42.967325,0.0000,0,0.0000,0
2024-11-05 19:04:39.624758,0.0000,0,0.0000,0
2024-11-05 19:05:41.724136,0.0000,0,0.0000,0
2024-11-05 19:06:35.792878,0.0000,0,0.0000,0
2024-11-05 19:07:42.576921,0.0000,0,0.0000,0
2024-11-05 19:08:11.397847,0.0000,0,0.0000,0
2024-11-05 19:09:11.472891,0.0000,0,0.0000,0
2024-11-05 19:09:46.327665,0.0000,0,0.0000,0
2024-11-05 19:10:44.760358,0.0000,0,0.0000,0
2024-11-05 19:11:22.794020,0.0000,0,0.0000,0
2024-11-05 19:12:26.281242,0.0000,0,0.0000,0
2024-11-05 19:13:25.628268,0.0000,0,0.0000,0
2024-11-05 19:14:15.926224,0.0000,0,0.0000,0
2024-11-05 19:14:39.295667,0.0000,0,0.0000,0
2024-11-05 19:15:06.498946,0.0000,0,0.0000,0
2024-11-05 19:15:35.278711,0.0000,0,0.0000,0
2024-11-05 19:16:14.120348,0.0000,0,0.0000,0
2024-11-05 19:16:54.496135,0.0000,0,0.0000,0
2024-11-05 19:17:36.965601,0.0000,0,0.0000,0
2024-11-05 19:18:18.980204,0.0000,0,0.0000,0
2024-11-05 19:18:42.558137,0.0000,0,0.0000,0
2024-11-05 19:19:25.843346,0.0000,0,0.0000,0
2024-11-05 19:19:49.161328,0.0000,0,0.0000,0
2024-11-05 19:20:04.125237,0.0000,0,0.0000,0
2024-11-05 19:20:56.593060,0.0000,0,0.0000,0
2024-11-05 19:22:07.514731,0.0000,0,0.0000,0
2024-11-05 19:23:02.920935,0.0000,0,0.0000,0
2024-11-05 19:23:38.362218,0.0000,0,0.0000,0
2024-11-05 19:24:15.536615,0.0000,0,0.0000,0
2024-11-05 19:25:00.469078,0.0000,0,0.0000,0
2024-11-05 19:25:45.274079,0.0000,0,0.0000,0
2024-11-05 19:26:24.032636,0.0000,0,0.0000,0
2024-11-05 19:26:51.091505,0.0000,0,0.0000,0
2024-11-05 19:27:59.669387,0.0000,0,0.0000,0
2024-11-05 19:31:37.236240,2190,1,64.500,777,35.500,1.100
2024-11-05 19:31:57.930162,2190,1,64.500,777,35.500,1.100
2024-11-05 19:32:26.026675,2190,1,64.500,777,35.500,1.100
2024-11-05 19:32:49.602843,2190,1,64.500,777,35.500,1.100
2024-11-05 19:33:16.955134,2190,1,64.500,777,35.500,1.100
2024-11-05 19:33:34.393326,2190,1,64.500,777,35.500,1.100
2024-11-05 19:34:00.253850,2190,1,64.500,777,35.500,1.100
2024-11-05 19:34:20.080593,2190,1,64.500,777,35.500,1.100
2024-11-05 19:34:43.172955,2190,1,64.500,777,35.500,1.100
2024-11-05 19:35:06.058428,2190,1,64.500,777,35.500,1.100
2024-11-05 19:35:21.421719,2190,1,64.500,777,35.500,1.100
2024-11-05 19:35:42.506790,2190,1,64.500,777,35.500,1.100
2024-11-05 19:36:11.795101,2190,1,64.500,777,35.500,1.100
2024-11-05 19:36:39.027970,2190,1,64.500,777,35.500,1.100
2024-11-05 19:36:56.607060,2190,1,64.500,777,35.500,1.100
2024-11-05 19:37:17.846463,2190,1,64.500,777,35.500,1.100
2024-11-05 19:37:39.218723,2190,1,64.500,777,35.500,1.100
2024-11-05 19:38:00.408034,2190,1,64.500,777,35.500,1.100
2024-11-05 19:38:27.280189,2190,1,64.500,777,35.500,1.100
2024-11-05 19:38:46.390876,2190,1,64.500,777,35.500,1.100
2024-11-05 19:39:06.266859,2190,1,64.500,777,35.500,1.100
2024-11-05 19:39:33.291344,2190,1,64.500,777,35.500,1.100
2024-11-05 19:39:57.703557,2190,1,64.500,777,35.500,1.100
2024-11-05 19:40:22.426327,2190,1,64.500,777,35.500,1.100
2024-11-05 19:40:46.308369,2190,1,64.500,777,35.500,1.100
2024-11-05 19:41:14.352102,2190,1,64.500,777,35.500,1.100
2024-11-05 19:41:36.060574,2190,1,64.500,777,35.500,1.100
2024-11-05 19:41:57.183172,2190,1,64.500,777,35.500,1.100
2024-11-05 19:42:14.794075,2190,1,64.500,777,35.500,1.100
2024-11-05 19:42:34.006269,2190,1,64.500,777,35.500,1.100
2024-11-05 19:42:57.699595,2190,1,64.500,777,35.500,1.100
2024-11-05 19:43:14.774127,2190,1,64.500,777,35.500,1.100
2024-11-05 19:43:35.303215,2190,1,64.500,777,35.500,1.100
2024-11-05 19:44:02.125518,2190,1,64.500,777,35.500,1.100
2024-11-05 19:44:25.629536,2190,1,64.500,777,35.500,1.100
2024-11-05 19:44:51.541982,2190,1,64.500,777,35.500,1.100
2024-11-05 19:45:13.088207,2190,1,64.500,777,35.500,1.100
2024-11-05 19:45:34.449342,2190,1,64.500,777,35.500,1.100
2024-11-05 19:46:04.632624,2190,1,64.500,777,35.500,1.100
2024-11-05 19:46:32.116521,2190,1,64.500,777,35.500,1.100
2024-11-05 19:46:56.130103,2190,1,64.500,777,35.500,1.100
2024-11-05 19:47:22.702046,2190,1,64.500,777,35.500,1.100
2024-11-05 19:47:49.808350,2190,1,64.500,777,35.500,1.100
2024-11-05 19:48:19.002573,2190,1,64.500,777,35.500,1.100
2024-11-05 19:48:42.901727,2190,1,64.500,777,35.500,1.100
2024-11-05 19:49:11.356469,2190,1,64.500,777,35.500,1.100
2024-11-05 19:49:29.262199,2190,1,64.500,777,35.500,1.100
2024-11-05 19:49:56.568047,2190,1,64.500,777,35.500,1.100
2024-11-05 19:50:26.066815,5956,3,53.200,2,46.000,3.000
2024-11-05 19:50:48.391377,5956,3,53.200,2,46.000,3.000
2024-11-05 19:51:19.086053,5956,3,53.200,2,46.000,3.000
2024-11-05 19:51:48.571479,5956,3,53.200,2,46.000,3.000
2024-11-05 19:52:19.828801,5956,3,53.200,2,46.000,3.000
2024-11-05 19:52:58.492811,5956,3,53.200,2,46.000,3.000
2024-11-05 19:53:18.226562,5956,3,53.200,2,46.000,3.000
2024-11-05 19:53:50.652804,5956,3,53.200,2,46.000,3.000
2024-11-05 19:54:15.332183,5956,3,53.200,2,46.000,3.000
2024-11-05 19:54:43.771309,5956,3,53.200,2,46.000,3.000
2024-11-05 19:55:08.881431,5956,3,53.200,2,46.000,3.000
2024-11-05 19:55:45.945862,5956,3,53.200,2,46.000,3.000
2024-11-05 19:56:19.868049,5956,3,53.200,2,46.000,3.000
2024-11-05 19:56:50.318759,5956,3,53.200,2,46.000,3.000
2024-11-05 19:57:15.458238,5956,3,53.200,2,46.000,3.000
2024-11-05 19:57:48.403530,5956,3,53.200,2,46.000,3.000
2024-11-05 19:58:11.571905,5956,3,53.200,2,46.000,3.000
2024-11-05 19:58:30.049079,5956,3,53.200,2,46.000,3.000
2024-11-05 19:59:01.754530,5956,3,53.200,2,46.000,3.000
2024-11-05 19:59:32.149082,5956,3,53.200,2,46.000,3.000
2024-11-05 20:13:33.005055,28272,14,50.800,13,48.300,14.000
2024-11-05 20:13:56.511581,55947,26,47.300,28,51.800,27.700
2024-11-05 20:14:22.792693,55947,26,47.300,28,51.800,27.700
2024-11-05 20:14:46.159138,55947,26,47.300,28,51.800,27.700
2024-11-05 20:15:15.401035,55947,26,47.300,28,51.800,27.700
2024-11-05 20:15:37.135175,55947,26,47.300,28,51.800,27.700
2024-11-05 20:16:11.192618,55947,26,47.300,28,51.800,27.700
2024-11-05 20:16:34.872908,55947,26,47.300,28,51.800,27.700
2024-11-05 20:16:58.441110,55947,26,47.300,28,51.800,27.700
2024-11-05 20:17:27.894734,93672,47,50.900,45,48.200,46.400
2024-11-05 20:17:51.324627,93672,47,50.900,45,48.200,46.400
2024-11-05 20:18:13.463197,93672,47,50.900,45,48.200,46.400
2024-11-05 20:18:37.900120,93672,47,50.900,45,48.200,46.400
2024-11-05 20:19:00.881448,93672,47,50.900,45,48.200,46.400
2024-11-05 20:19:23.419986,93672,47,50.900,45,48.200,46.400
2024-11-05 20:19:43.127335,93672,47,50.900,45,48.200,46.400
2024-11-05 20:20:07.232285,93672,47,50.900,45,48.200,46.400
2024-11-05 20:20:36.334155,93672,47,50.900,45,48.200,46.400
2024-11-05 20:20:38.777147,93672,47,50.900,45,48.200,46.400
2024-11-05 20:21:04.256619,93672,47,50.900,45,48.200,46.400
2024-11-05 20:21:06.737793,93672,47,50.900,45,48.200,46.400
2024-11-05 20:21:25.226536,93672,47,50.900,45,48.200,46.400
2024-11-05 20:21:33.494423,93672,47,50.900,45,48.200,46.400
2024-11-05 20:21:58.288034,93672,47,50.900,45,48.200,46.400
2024-11-05 20:22:01.664132,93672,47,50.900,45,48.200,46.400
2024-11-05 20:22:28.420850,93672,47,50.900,45,48.200,46.400
2024-11-05 20:22:29.616225,93672,47,50.900,45,48.200,46.400
2024-11-05 20:22:54.699400,93672,47,50.900,45,48.200,46.400
2024-11-05 20:23:02.294334,93672,47,50.900,45,48.200,46.400
2024-11-05 20:23:14.423946,93672,47,50.900,45,48.200,46.400
2024-11-05 20:23:25.611457,93672,47,50.900,45,48.200,46.400
2024-11-05 20:23:42.531478,93672,47,50.900,45,48.200,46.400
2024-11-05 20:23:53.721054,93672,47,50.900,45,48.200,46.400
2024-11-05 20:24:10.764433,93672,47,50.900,45,48.200,46.400
2024-11-05 20:24:16.238567,93672,47,50.900,45,48.200,46.400
2024-11-05 20:24:32.692022,93672,47,50.900,45,48.200,46.400
2024-11-05 20:24:39.167265,93672,47,50.900,45,48.200,46.400
2024-11-05 20:25:01.387927,93672,47,50.900,45,48.200,46.400
2024-11-05 20:25:07.608697,93672,47,50.900,45,48.200,46.400
2024-11-05 20:25:34.306144,93672,47,50.900,45,48.200,46.400
2024-11-05 20:25:35.225107,93672,47,50.900,45,48.200,46.400
2024-11-05 20:26:04.284925,93672,47,50.900,45,48.200,46.400
2024-11-05 20:26:06.668155,93672,47,50.900,45,48.200,46.400
2024-11-05 20:26:31.781145,93672,47,50.900,45,48.200,46.400
2024-11-05 20:26:34.576216,93672,47,50.900,45,48.200,46.400
2024-11-05 20:26:52.184525,93672,47,50.900,45,48.200,46.400
2024-11-05 20:26:57.830368,93672,47,50.900,45,48.200,46.400
2024-11-05 20:27:18.432184,93672,47,50.900,45,48.200,46.400
2024-11-05 20:27:19.773588,93672,47,50.900,45,48.200,46.400
2024-11-05 20:27:40.912393,93672,47,50.900,45,48.200,46.400
2024-11-05 20:27:42.455154,93672,47,50.900,45,48.200,46.400
2024-11-05 20:28:13.418651,93672,47,50.900,45,48.200,46.400
2024-11-05 20:28:13.465169,93672,47,50.900,45,48.200,46.400
2024-11-05 20:28:36.039905,93672,47,50.900,45,48.200,46.400
2024-11-05 20:28:44.577018,93672,47,50.900,45,48.200,46.400
2024-11-05 20:29:04.865696,93672,47,50.900,45,48.200,46.400
2024-11-05 20:29:13.707823,93672,47,50.900,45,48.200,46.400
2024-11-05 20:29:36.148907,93672,47,50.900,45,48.200,46.400
2024-11-05 20:29:44.125379,93672,47,50.900,45,48.200,46.400
2024-11-05 20:30:11.022808,93672,47,50.900,45,48.200,46.400
2024-11-05 20:30:16.687429,93672,47,50.900,45,48.200,46.400
2024-11-05 20:30:32.572046,93672,47,50.900,45,48.200,46.400
2024-11-05 20:30:42.917003,93672,47,50.900,45,48.200,46.400
2024-11-05 20:30:57.002132,93672,47,50.900,45,48.200,46.400
2024-11-05 20:31:06.270347,93672,47,50.900,45,48.200,46.400
2024-11-05 20:31:16.883519,93672,47,50.900,45,48.200,46.400
2024-11-05 20:31:33.787125,93672,47,50.900,45,48.200,46.400
2024-11-05 20:31:47.615055,93672,47,50.900,45,48.200,46.400
2024-11-05 20:32:00.481484,93672,47,50.900,45,48.200,46.400
2024-11-05 20:32:19.605936,93672,47,50.900,45,48.200,46.400
2024-11-05 20:32:29.060584,93672,47,50.900,45,48.200,46.400
2024-11-05 20:32:49.784724,93672,47,50.900,45,48.200,46.400
2024-11-05 20:32:54.253144,93672,47,50.900,45,48.200,46.400
2024-11-05 20:33:22.394695,93672,47,50.900,45,48.200,46.400
2024-11-05 20:33:26.646081,93672,47,50.900,45,48.200,46.400
2024-11-05 20:33:45.453824,93672,47,50.900,45,48.200,46.400
2024-11-05 20:33:53.852678,93672,47,50.900,45,48.200,46.400
2024-11-05 20:34:18.097715,93672,47,50.900,45,48.200,46.400
2024-11-05 20:34:21.264659,93672,47,50.900,45,48.200,46.400
2024-11-05 20:34:50.737029,93672,47,50.900,45,48.200,46.400
2024-11-05 20:34:50.769029,93672,47,50.900,45,48.200,46.400
2024-11-05 20:58:37.992956,154206,69,45.300,82,53.800,76.400
2024-11-05 20:59:02.618362,154206,69,45.300,82,53.800,76.400
2024-11-05 20:59:22.506004,154206,69,45.300,82,53.800,76.400
2024-11-05 20:59:50.548545,154206,69,45.300,82,53.800,76.400
2024-11-05 21:00:20.412895,154206,69,45.300,82,53.800,76.400
2024-11-05 21:00:48.507969,154206,69,45.300,82,53.800,76.400
2024-11-05 21:01:12.783799,154206,69,45.300,82,53.800,76.400
2024-11-05 21:01:31.285205,154206,69,45.300,82,53.800,76.400
2024-11-05 21:02:02.051362,154206,69,45.300,82,53.800,76.400
2024-11-05 21:02:23.159246,154206,69,45.300,82,53.800,76.400
2024-11-05 21:02:43.030022,154206,69,45.300,82,53.800,76.400
2024-11-05 21:03:12.522127,154206,69,45.300,82,53.800,76.400
2024-11-05 21:03:34.368065,154206,69,45.300,82,53.800,76.400
2024-11-05 21:04:06.650750,154206,69,45.300,82,53.800,76.400
2024-11-05 21:04:34.271339,154206,69,45.300,82,53.800,76.400
2024-11-05 21:04:57.932464,154206,69,45.300,82,53.800,76.400
2024-11-05 21:05:17.222791,154206,69,45.300,82,53.800,76.400
2024-11-05 21:05:39.932238,154206,69,45.300,82,53.800,76.400
2024-11-05 21:06:06.735151,154206,69,45.300,82,53.800,76.400
2024-11-05 21:06:26.276675,154206,69,45.300,82,53.800,76.400
2024-11-05 21:06:42.866068,154206,69,45.300,82,53.800,76.400
2024-11-05 21:07:07.460311,154206,69,45.300,82,53.800,76.400
2024-11-05 21:07:34.954864,154206,69,45.300,82,53.800,76.400
2024-11-05 21:07:52.625462,154206,69,45.300,82,53.800,76.400
2024-11-05 21:08:17.442499,154206,69,45.300,82,53.800,76.400
2024-11-05 21:09:10.972358,156319,68,43.800,86,55.200,77.400
2024-11-05 21:09:37.120786,156319,68,43.800,86,55.200,77.400
2024-11-05 21:10:06.266166,156319,68,43.800,86,55.200,77.400
2024-11-05 21:10:31.152434,156319,68,43.800,86,55.200,77.400
2024-11-05 21:10:55.582106,156319,68,43.800,86,55.200,77.400
2024-11-05 21:11:20.714888,156319,68,43.800,86,55.200,77.400
2024-11-05 21:11:38.355780,156319,68,43.800,86,55.200,77.400
2024-11-05 21:12:07.448564,156319,68,43.800,86,55.200,77.400
2024-11-05 21:12:35.964616,156319,68,43.800,86,55.200,77.400
2024-11-05 21:12:58.579441,156319,68,43.800,86,55.200,77.400
2024-11-05 21:13:30.390265,156319,68,43.800,86,55.200,77.400
2024-11-05 21:13:50.697641,156319,68,43.800,86,55.200,77.400
2024-11-05 21:14:10.788082,156319,68,43.800,86,55.200,77.400
2024-11-05 21:14:38.870026,156319,68,43.800,86,55.200,77.400
2024-11-05 21:15:04.957200,156319,68,43.800,86,55.200,77.400
2024-11-05 21:15:28.445246,156319,68,43.800,86,55.200,77.400
2024-11-05 21:15:50.825250,156319,68,43.800,86,55.200,77.400
2024-11-05 21:16:19.904262,156319,68,43.800,86,55.200,77.400
2024-11-05 21:16:41.363329,156319,68,43.800,86,55.200,77.400
2024-11-05 21:17:10.941256,156319,68,43.800,86,55.200,77.400
2024-11-05 21:17:31.692401,156319,68,43.800,86,55.200,77.400
2024-11-05 21:17:49.572903,156319,68,43.800,86,55.200,77.400
2024-11-05 21:52:14.723635,191302,81909,42.800,107045,56.000,94.800
2024-11-05 21:52:22.479334,191302,81909,42.800,107045,56.000,94.800
2024-11-05 21:52:38.344443,191302,81909,42.800,107045,56.000,94.800
2024-11-05 21:52:47.571206,191302,81909,42.800,107045,56.000,94.800
2024-11-05 21:52:59.077649,191302,81909,42.800,107045,56.000,94.800
2024-11-05 21:53:07.798776,191302,81909,42.800,107045,56.000,94.800
2024-11-05 21:53:23.952880,191302,81909,42.800,107045,56.000,94.800
2024-11-05 21:53:39.753408,191302,81909,42.800,107045,56.000,94.800
2024-11-05 21:53:51.479588,191302,81909,42.800,107045,56.000,94.800
2024-11-05 21:53:58.731874,191302,81909,42.800,107045,56.000,94.800
2024-11-05 21:54:11.952384,191302,81909,42.800,107045,56.000,94.800
2024-11-05 21:54:24.891248,191302,81909,42.800,107045,56.000,94.800
2024-11-05 21:54:38.356123,191302,81909,42.800,107045,56.000,94.800
2024-11-05 21:54:45.977829,191302,81909,42.800,107045,56.000,94.800
2024-11-05 21:55:02.154632,191302,81909,42.800,107045,56.000,94.800
2024-11-05 21:55:16.107606,191302,81909,42.800,107045,56.000,94.800
2024-11-05 22:01:28.914349,191302,81909,42.800,107045,56.000,94.800
2024-11-05 22:01:53.151027,191302,81909,42.800,107045,56.000,94.800
2024-11-05 22:02:21.155498,191302,81909,42.800,107045,56.000,94.800
2024-11-05 22:02:42.762527,191302,81909,42.800,107045,56.000,94.800
2024-11-05 22:03:07.076979,191302,81909,42.800,107045,56.000,94.800
2024-11-05 22:03:36.832779,191302,81909,42.800,107045,56.000,94.800
2024-11-05 22:04:01.682370,191302,81909,42.800,107045,56.000,94.800
2024-11-05 22:04:28.354294,191302,81909,42.800,107045,56.000,94.800
2024-11-05 22:04:57.126849,191302,81909,42.800,107045,56.000,94.800
2024-11-05 22:05:18.438070,191302,81909,42.800,107045,56.000,94.800
2024-11-05 22:05:47.764114,191302,81909,42.800,107045,56.000,94.800
2024-11-05 22:06:14.065514,191302,81909,42.800,107045,56.000,94.800
2024-11-05 22:06:32.649614,191302,81909,42.800,107045,56.000,94.800
2024-11-05 22:06:57.994204,191302,81909,42.800,107045,56.000,94.800
2024-11-05 22:07:17.399978,191302,81909,42.800,107045,56.000,94.800
2024-11-05 22:07:42.666961,191302,81909,42.800,107045,56.000,94.800
2024-11-05 22:08:15.049855,191302,81909,42.800,107045,56.000,94.800
2024-11-05 22:08:36.380108,191302,81909,42.800,107045,56.000,94.800
2024-11-05 22:08:57.555327,191302,81909,42.800,107045,56.000,94.800
2024-11-05 22:09:23.788183,191302,81909,42.800,107045,56.000,94.800
2024-11-05 22:09:57.499214,191302,81909,42.800,107045,56.000,94.800
2024-11-05 22:10:18.145702,191302,81909,42.800,107045,56.000,94.800
2024-11-05 22:10:44.377997,191302,81909,42.800,107045,56.000,94.800
2024-11-05 22:11:06.556872,191302,81909,42.800,107045,56.000,94.800
2024-11-05 22:11:27.058703,191302,81909,42.800,107045,56.000,94.800
2024-11-05 22:11:48.317878,191302,81909,42.800,107045,56.000,94.800
2024-11-05 22:12:14.879511,191302,81909,42.800,107045,56.000,94.800
2024-11-05 22:12:40.819454,191302,81909,42.800,107045,56.000,94.800
2024-11-05 22:13:11.856632,191302,81909,42.800,107045,56.000,94.800
2024-11-05 22:13:34.337682,191302,81909,42.800,107045,56.000,94.800
2024-11-05 22:14:03.734092,191302,81909,42.800,107045,56.000,94.800
2024-11-05 22:14:29.892846,191302,81909,42.800,107045,56.000,94.800
2024-11-05 22:14:56.795880,191302,81909,42.800,107045,56.000,94.800
2024-11-05 22:15:26.971008,191302,81909,42.800,107045,56.000,94.800
2024-11-05 22:15:56.438041,191302,81909,42.800,107045,56.000,94.800
2024-11-05 22:16:19.773502,191302,81909,42.800,107045,56.000,94.800
2024-11-05 22:16:45.569411,191302,81909,42.800,107045,56.000,94.800
